n,あがく
n,あきらめる
n,あきる
n,あきれる
n,あきれる た
n,あせる
n,あなどる
n,あやしむ
n,あやぶむ
n,あやまる
n,あらそ う
n,あわてる
n,いたたまれない
n,いたむ
n,いつわる
n,いらだたしい
n,いら立つ
n,うつうつ
n,うなだれる
n,うなる
n,うらむ
n,うんざり
n,おちいる
n,おぼれる
n,かさばる
n,かなう ない
n,かなしむ
n,がたつく
n,がっくり
n,くさる
n,くずれる
n,くたびれる
n,くやむ
n,くるしむ
n,けだるい
n,こじらせる
n,こそばゆい
n,こたえる られる ない
n,こぼす
n,こまる
n,こりる
n,こわさ れる
n,さじ を 投げる
n,しから れる
n,しくじる
n,しょぼくれる た
n,しょんぼり
n,しんみり
n,せんない
n,たおれる
n,ためらう
n,だま すれ る
n,だます
n,だれる
n,ちがう
n,つぶす
n,つぶれる
n,つまずく
n,つらい
n,とがめる
n,なやむ
n,ねじれる
n,のぼせる
n,はげる
n,はずかしい
n,ばつ が 悪い
n,ひきつる
n,ひっかかる
n,ひもじい
n,びびる
n,ふらつく
n,ぶつかる
n,ぶれる
n,ぼける
n,ぼける た
n,まごつく
n,むかっと
n,むかつく
n,むせる
n,むせ返る
n,めくら れる
n,もたつく
n,もだえる
n,もつれる
n,もてあます
n,やつれる
n,やむない
n,やむをえない
n,ゆがむ
n,ゆきづまる
n,よごす
n,よごれる
n,わすれる
n,ガックリ
n,ストレス が ある
n,ツライ
n,ビビる
n,ポシャる
n,阿鼻叫喚 だ
n,阿鼻叫喚 です
n,阿鼻叫喚 と
n,阿鼻叫喚 の
n,意気 消沈
n,引っ掛かる
n,引っ繰り返る
n,厭う
n,怨む
n,汚さ れる
n,汚す
n,汚れる
n,臆する
n,臆病 風 に 吹か れる
n,苛 だ つ
n,苛 つく
n,苛苛 する
n,苛立つ
n,我慢 し きれ ない
n,我慢 する
n,我慢 なら ない
n,餓える
n,壊さ れる
n,壊れる
n,怪しむ
n,悔しい
n,悔やむ
n,恰好 が つか ない
n,渇く
n,堪えがたい
n,堪える
n,堪え難い
n,堪忍袋 の 緒 が 切れる
n,干からびる
n,患い
n,患う
n,憾む
n,間違う
n,陥る
n,危ぶむ
n,忌み きらう
n,忌み嫌う
n,機嫌 を 損じる
n,機嫌 を 損ねる
n,気 が 緩む
n,気 が 気 で ない
n,気 が 滅入る
n,気 に 掛かる
n,気 に 障る
n,気 に 食わ ない
n,気 を もむ
n,気 を 悪く する
n,気 懸かる
n,気 恥ずかしい
n,気がかり だ
n,気がかり です
n,気まずい
n,気持ち が 悪い
n,気持ち 悪い
n,飢える
n,偽る
n,疑う
n,詰まる
n,逆らえ ない
n,虚しい
n,許す こと が でき ない
n,許せ ない
n,恐る
n,恐れる
n,狂う
n,狂する
n,胸 が 騒ぐ
n,胸くそ 悪い
n,胸苦しい
n,胸糞 が 悪い
n,胸糞 悪い
n,興醒める
n,驚愕
n,業 を 煮やす
n,苦しい
n,苦しむ
n,苦しめ られる
n,苦汁 を なめる
n,苦慮
n,欠く
n,欠ける
n,血の気 が 引く
n,嫌う
n,嫌がる
n,肩 を 落とす
n,肩身 が 狭い
n,見そこなう
n,見失う
n,見損なう
n,見落とす
n,遣り 切れ ない
n,戸惑う
n,枯れる
n,後ろ 暗い
n,後ろめたい
n,後口 が 悪い
n,後味 が 悪い
n,誤る
n,慌てる
n,荒れる
n,行 詰まる
n,行き過ぎる
n,行き詰まる
n,行き詰る
n,行詰る
n,降参
n,降伏
n,降服
n,腰 が 砕ける
n,骨 の 折れる
n,困る
n,恨む
n,根 に 持つ
n,混む
n,砕ける
n,錆びる
n,散らかる
n,散る
n,刺さる
n,死さ れる
n,死ぬ
n,持て余す
n,耳 が 痛い
n,自信 が ない
n,自制 が きか ない
n,自由 が きか ない
n,辞める
n,失う
n,失っ た
n,疾しい
n,寂しい
n,弱る
n,取り逃がす
n,手 も 足 も 出 ない
n,手 を 引く
n,手間取る
n,腫れる
n,首 が まわら ない
n,首 を ひねる
n,臭う
n,縮む
n,出来 そこなう
n,出来 損なう
n,傷つける
n,傷む
n,傷付ける
n,嘗める
n,小首 を 傾ける
n,小腹 を 立てる
n,焦る
n,障る
n,乗り遅れる
n,情ない
n,色 を 失う
n,侵す
n,心外 だ
n,心外 です
n,心細い
n,申し訳 ない
n,辛い
n,辛め だ
n,辛め です
n,辛め と
n,辛め の
n,震える
n,衰える
n,生き た 心地 も ない
n,逝く
n,切ない
n,折ら れる
n,舌 を 巻く
n,争う
n,遭う
n,憎い
n,憎たらしい
n,損 う
n,損なう
n,損ねる
n,太る
n,堕ちる
n,妥協
n,耐え られ ない
n,耐えがたい
n,怠る
n,退かさ れる
n,嘆く
n,歎 く
n,断た れる
n,恥ずかしい
n,遅れ を 取る
n,遅れる
n,虫 が おさまら ない
n,懲りる
n,懲り懲り だ
n,懲り懲り です
n,懲り懲り と
n,懲り懲り の
n,頂け ない
n,墜ちる
n,痛い
n,痛む
n,痛める
n,潰れる
n,諦める
n,溺れる
n,転ぶ
n,吐き出す
n,妬む
n,途方 に 暮れる
n,怒る
n,倒れる
n,凍える
n,悼む
n,盗ま れる
n,盗む
n,当たら れる
n,当て られる
n,頭 が あがら ない
n,頭 が 上がら ない
n,頭 に くる
n,頭 に 来る
n,頭 を かかえる
n,頭 を 抱える
n,曇る
n,悩む
n,馬鹿 を 見る
n,廃れる
n,敗ける
n,敗れる
n,背く
n,曝す
n,抜か れる
n,叛 く
n,犯す
n,悲しむ
n,疲れ が ある
n,疲れる
n,被る
n,謬 る
n,貧する
n,不満 が ある
n,不満 は ある
n,怖 れる
n,怖じ 気づく
n,怖気付く
n,腐る
n,負う
n,負ける
n,侮る
n,腹の虫 が おさまら ない
n,腹の虫 の 居所 が 悪い
n,腹立たしい
n,腹立つ
n,文句 が ある
n,文句 は ある
n,聞こえる にくい
n,閉まる
n,別れる
n,偏る
n,呆れる
n,崩さ れる
n,崩す
n,崩れる
n,飽きる
n,亡くす
n,亡くする
n,亡びる
n,妨げる
n,忘れる
n,冒す
n,膨れる
n,謀る
n,無くす
n,迷う
n,滅びる
n,面目 ない
n,面目 無い
n,面目次第 も ない
n,蒙る
n,目 の 前 が 真っ暗 に なる
n,薬 が きか ない
n,落ち込む
n,落とさ れる
n,落とし て しまう
n,乱れる
n,理性 が きか ない
n,裂ける
n,路頭 に 迷う
n,漏らす
n,漏れる
n,老いる
n,歪む
n,詫びる
n,咎める
n,咬ま れる
n,毀す
n,毀れる
n,憑 く
n,罹る
n,挾ま る
n,涸れる
n,疵付ける
n,縺れる
n,茫然 だ
n,茫然 です
n,茫然 と
n,茫然 の
n,茫漠 だ
n,躊躇う
n,躓く
n,轢く
n,騙す
n,あいた 口 が ふさがる ない
n,あきれる て もの が 言える ない
n,あく が 強い
n,あくどい
n,あざとい
n,あと の 祭り だ
n,あと の 祭り です
n,あと の 祭り と
n,あと の 祭り の
n,あばずれ だ
n,あばずれ です
n,あばずれ と
n,あばずれ の
n,あほらしい
n,あやしい
n,あやふや だ
n,あやふや です
n,あらい
n,あらっぽい
n,あり き たり だ
n,あり きたり です
n,ありふれる
n,ありふれる た
n,ある がち だ
n,ある がち です
n,あわせ にくい
n,あんぽんたん だ
n,あんぽんたん です
n,あんぽんたん と
n,あんぽんたん の
n,い た しかた ない
n,いかがわしい
n,いかつい
n,いぎたない
n,いけ好かない
n,いけ図々しい
n,いこじ だ
n,いこじ です
n,いじいじ
n,いじける
n,いじましい
n,いぶかしい
n,いまいち
n,いまいましい
n,いまひとつ
n,いまわしい
n,いま一つ
n,いやがる
n,いやしい
n,いやらしい
n,いろあせる
n,いわく つき
n,いんちき
n,うじうじ
n,うす汚い
n,うとい
n,うど の 大木 だ
n,うど の 大木 です
n,うど の 大木 と
n,うど の 大木 の
n,うらめしい
n,うら寂しい
n,うら悲しい
n,えげつない
n,おこがましい
n,おしい
n,おせっかい だ
n,おせっかい です
n,おせっかい と
n,おせっかい の
n,おそい
n,おそまつ だ
n,おそまつ です
n,おぞましい
n,おためごかし だ
n,おためごかし です
n,おたんこなす だ
n,おたんこなす です
n,おたんこなす と
n,おたんこなす の
n,おっかない
n,おっくう だ
n,おっくう です
n,おっくう と
n,おっくう の
n,おっさん くさい
n,おっちょこちょい だ
n,おっちょこちょい です
n,おばさん 臭い
n,おびやかす
n,おもはゆい
n,おんぼろ だ
n,おんぼろ です
n,おんぼろ と
n,おんぼろ の
n,お山 の 大将 だ
n,お山 の 大将 です
n,お山 の 大将 と
n,お山 の 大将 の
n,お節介 だ
n,お節介 です
n,お節介 と
n,お節介 の
n,お粗末 だ
n,お粗末 です
n,お粗末 と
n,お粗末 の
n,かっこ 悪い
n,かったるい
n,かみ合う ない
n,かわいい げ の ない
n,かん高い
n,がさつ だ
n,がさつ です
n,がっかり
n,がつがつ
n,がめつい
n,ききにくい
n,きちきち
n,きつい
n,きびしい
n,きゅうきゅう
n,ぎくしゃく
n,ぎこちない
n,ぎごち ない
n,ぎすぎす
n,ぎちぎち
n,ぎゅうぎゅう
n,ぎょうぎょうしい
n,ぎょっと
n,くしゃくしゃ
n,くそ まじめ だ
n,くそ まじめ です
n,くだらない
n,くどい
n,ぐしゃぐしゃ
n,ぐしょぐしょ だ
n,ぐしょぐしょ です
n,ぐじゃぐじゃ だ
n,ぐじゃぐじゃ です
n,ぐずぐず
n,ぐずる
n,ぐにゃぐにゃ
n,ぐにゃぐにゃ だ
n,ぐにゃぐにゃ です
n,ぐらぐら
n,ぐらつく
n,けがらわしい
n,けしからん だ
n,けしからん です
n,けしからん と
n,けしからん の
n,けちけち
n,けちけち する た
n,けちん坊 だ
n,けちん坊 です
n,けちん坊 と
n,けちん坊 の
n,けばけば
n,けばけばしい
n,けわしい
n,けんのん だ
n,けんのん です
n,げっそり
n,こしゃく だ
n,こしゃく です
n,こすい
n,こせこせ
n,こっぴどい
n,こっ酷い
n,こてんこてん だ
n,こてんこてん です
n,ごしゃごしゃ
n,ごちゃごちゃ
n,ごっちゃ だ
n,ごっちゃ です
n,ごてごて
n,ごみごみ
n,ご法度 だ
n,ご法度 です
n,ご法度 と
n,ご法度 の
n,さもしい
n,しかた ない
n,しかつめらしい
n,しつこい
n,しどろ だ
n,しどろ です
n,しどろもどろ だ
n,しどろもどろ です
n,しみったれる
n,しょうが ない
n,しょぼい
n,しょぼしょぼ
n,しらじらしい
n,しわくちゃ だ
n,しわくちゃ です
n,しわくちゃ と
n,しわくちゃ の
n,しわしわ
n,しんどい
n,しんねり
n,じじむさい
n,じゃじゃ馬 だ
n,じゃじゃ馬 です
n,じゃじゃ馬 と
n,じゃじゃ馬 の
n,じゃじゃ馬 的 だ
n,じゃじゃ馬 的 です
n,じゃま 臭い
n,じれったい
n,すかたん だ
n,すかたん です
n,すかたん と
n,すかたん の
n,すげない
n,すじ 違い
n,すたれる
n,ずうずうしい
n,ずるい
n,ずれる
n,ずんべらぼう だ
n,ずんべらぼう です
n,ずんべらぼう と
n,ずんべらぼう の
n,せこい
n,せせこましい
n,せっかち だ
n,せっかち です
n,せわしい
n,せわしない
n,そぐわない
n,そそっかしい
n,そっけ ない
n,そらぞらしい
n,ぞっと
n,ぞんざい だ
n,ぞんざい です
n,たけだけしい
n,たじたじ
n,たどたどしい
n,たより ない
n,だ ら ける た
n,だぶつく
n,だらし が ない
n,だらし ない
n,だらし 無い
n,だるい
n,ちぐはぐ だ
n,ちぐはぐ です
n,ちっぽけ だ
n,ちっぽけ です
n,ちび だ
n,ちび です
n,ちまちま
n,ちゃち い
n,ちゃち だ
n,ちゃち です
n,ちゃち と
n,ちゃち の
n,ちゃらっぽこ だ
n,ちゃらっぽこ です
n,ちゃらっぽこ と
n,ちゃらっぽこ の
n,ちんちくりん だ
n,ちんちくりん です
n,ちんちくりん と
n,ちんちくりん の
n,ちんまり
n,つかむ にくい
n,つたない
n,つぶれる やすい
n,つまらない
n,つまる ぬ
n,つれない
n,つんつるてん だ
n,つんつるてん です
n,つんつるてん と
n,つんつるてん の
n,できる 損なう
n,でくの坊 だ
n,でくの坊 です
n,でくの坊 と
n,でくの坊 の
n,でしゃばる
n,とげ の ある
n,とげとげしい
n,とっつく にくい
n,とぼける
n,とらえる 所 の ない
n,とりとめる が ない
n,とろい
n,とんがる
n,とんちんかん だ
n,とんちんかん です
n,とんちんかん と
n,とんちんかん の
n,とんでも ない
n,とんま だ
n,とんま です
n,とんま と
n,とんま の
n,ど けち だ
n,ど けち です
n,ど 助平 だ
n,ど 助平 です
n,ど 助平 と
n,ど 助平 の
n,どぎつい
n,どけ ちと
n,どけ ちの
n,どじ だ
n,どじ です
n,どじ と
n,どじ の
n,どじ を ふむ
n,どじ を 踏む
n,どす黒い
n,どっち つく ぬ
n,どっち 付く ぬ
n,どん くさい
n,なおざり だ
n,なおざり です
n,なごりおしい
n,なじむ ない
n,なじむ にくい
n,なまぬるい
n,なよなよ
n,なれなれしい
n,にちゃにちゃ
n,にぶい
n,にべ も ない
n,にべ も 無い
n,ねたましい
n,ねちねち
n,のらりくらり
n,のれん に 腕 押し だ
n,のれん に 腕 押し です
n,のれん に 腕 押し と
n,のれん に 腕 押し の
n,のろい
n,のろくさい
n,のろのろ
n,のろま だ
n,のろま です
n,のろま と
n,のろま の
n,はかばかしい
n,はしたない
n,はずれ だ
n,はずれ です
n,はずれ と
n,はずれ の
n,はで だ
n,はで です
n,はで 好み だ
n,はで 好み です
n,はで 好み と
n,はで 好み の
n,ばか 正直 だ
n,ばか 正直 です
n,ばか 丁寧 だ
n,ばか 丁寧 です
n,ばかくさい
n,ばっちい
n,ばらつき が ある
n,ひやひや
n,ひょろひょろ
n,ひ弱い
n,びしょびしょ だ
n,びしょびしょ です
n,ふがいない
n,ふた 目 と 見る られる ない
n,ふつつか だ
n,ふつつか です
n,ふてぶてしい
n,ふにゃふにゃ
n,ふにゃふにゃ だ
n,ふにゃふにゃ です
n,ふらふら
n,ふんぞり返る
n,ぶよぶよ
n,へ な ちょこ だ
n,へ な ちょこ です
n,へ な ちょこ と
n,へ な ちょこ の
n,へいこら
n,へそ曲がり だ
n,へそ曲がり です
n,へそ曲がり と
n,へそ曲がり の
n,へたくそ だ
n,へたくそ です
n,へとへと だ
n,へとへと です
n,へなへな
n,べとつく
n,べとべと
n,ぺしゃんこ だ
n,ぺしゃんこ です
n,ぺしゃんこ と
n,ぺしゃんこ の
n,ぺてん師 だ
n,ぺてん師 です
n,ぺてん師 と
n,ぺてん師 の
n,ほど遠い
n,ぼさっと
n,ぼやける
n,ぼやぼや
n,ぼろい
n,ぼろぼろ だ
n,ぼろぼろ です
n,ぼんくら だ
n,ぼんくら です
n,ぼんくら と
n,ぼんくら の
n,ぼんやり
n,まがい物 だ
n,まがい物 です
n,まがい物 と
n,まがい物 の
n,まがい物 的 だ
n,まがい物 的 です
n,まがまがしい
n,まごまご
n,まだるっこい
n,ままならない
n,み そっ か す
n,みすぼらしい
n,みっともない
n,みにくい
n,みみっちい
n,むかむか
n,むごい
n,むごたらしい
n,むさい
n,むさくるしい
n,むっと
n,むなぐるしい
n,むなしい
n,めそめそ
n,めちゃくちゃ だ
n,めちゃくちゃ です
n,めちゃめちゃ だ
n,めちゃめちゃ です
n,めんどう 臭い
n,めんどうくさい
n,めんどくさい
n,もう 一つ だ
n,もたつき が ある
n,もっさり
n,もったいない
n,もってのほか だ
n,もってのほか です
n,もってのほか と
n,もってのほか の
n,もどかしい
n,ものうい
n,ものすさまじい
n,ものたりない
n,もの狂おしい
n,もの凄まじい
n,もの悲しい
n,やかましい
n,やきもき
n,やっかい だ
n,やっかい です
n,やにっこい
n,やばい
n,やぶさか だ
n,やぶさか です
n,やぼ だ
n,やぼ です
n,やぼったい
n,やましい
n,ややこしい
n,やりきれない
n,やり切れない
n,やるせない
n,やわ だ
n,やわ です
n,やわい
n,ゆゆしい
n,ゆるい
n,よけい だ
n,よけい です
n,よけい と
n,よけい の
n,よそよそしい
n,よれよれ だ
n,よれよれ です
n,よれる
n,よわい
n,よんどころない
n,らち も ない
n,ろくでなし だ
n,ろくでなし です
n,ろくでなし と
n,ろくでなし の
n,わいせつ だ
n,わいせつ です
n,わいせつ と
n,わいせつ の
n,わかる にくい
n,わざとらしい
n,わずらわしい
n,わびしい
n,わや だ
n,わや です
n,わやく だ
n,わやく です
n,アウト ロー だ
n,アウト ロー です
n,アウト ロー と
n,アウト ロー の
n,アホ だ
n,アホ です
n,アホ と
n,アホ の
n,アン ナチュラル だ
n,アン ナチュラル です
n,アン ナチュラル と
n,アン ナチュラル の
n,イカ レ る
n,イマイチ だ
n,イマイチ です
n,イマイチ と
n,イマイチ の
n,イレギュラ
n,イレギュラー
n,インチキ だ
n,インチキ です
n,インチキ と
n,インチキ の
n,インパクト が ない
n,ウド の 大木 だ
n,ウド の 大木 です
n,ウド の 大木 と
n,ウド の 大木 の
n,エキセントリック だ
n,エキセントリック です
n,エゴイスト だ
n,エゴイスト です
n,エゴイスト と
n,エゴイスト の
n,エッチ だ
n,オーソドックス すぎる
n,オマケ 程度
n,オモチャ っぽい
n,オヤジ 臭い
n,オリジナリティ が ない
n,カッコ 悪い
n,ガキ っぽい
n,ガタ落ち
n,ガチガチ だ
n,ガチガチ です
n,キズ が ある
n,キツイ
n,キリ が ない
n,ギクシャク
n,ギュウギュウ だ
n,ギュウギュウ です
n,クセ が ある
n,クセ は ある
n,グルーミー
n,グロ だ
n,グロ です
n,グロ と
n,グロ の
n,グロッキー だ
n,グロッキー です
n,グロッキー と
n,グロッキー の
n,グロテスク だ
n,グロテスク です
n,コワい
n,ショッキング だ
n,ショッキング です
n,ショック が ある
n,ショボ 過ぎ
n,シリアス だ
n,シリアス です
n,ジャジャ馬 だ
n,ジャジャ馬 です
n,ジャジャ馬 と
n,ジャジャ馬 の
n,ズレる
n,センス が ない
n,ダーティ
n,ダーティー
n,ダサい
n,チグハグ だ
n,チグハグ です
n,チャチ
n,チャラチャラ
n,ディプレッション
n,デカ 過ぎ
n,デプレッション
n,ノイジー
n,ノンセンス だ
n,ノンセンス です
n,ノンセンス と
n,ノンセンス の
n,バタくさい
n,バタ臭い
n,バラツキ が ある
n,パワー 不足
n,ヒステリック だ
n,ヒステリック です
n,ヒヤヒヤ
n,ビビる やすい
n,ヘン テコ だ
n,ヘン テコ です
n,ミーハー だ
n,ミーハー です
n,ミス マッチ
n,メチャメチャ だ
n,メチャメチャ です
n,メランコリック
n,メリハリ が ない
n,ヤワ だ
n,ヤワ です
n,ヨレヨレ だ
n,ヨレヨレ です
n,ヨレヨレ と
n,ヨレヨレ の
n,ワーストワン だ
n,ワーストワン です
n,ワーストワン と
n,ワーストワン の
n,ワンマン だ
n,ワンマン です
n,唖然 だ
n,唖然 です
n,唖然 と
n,唖然 の
n,阿呆 くさい
n,阿呆 だ
n,阿呆 です
n,阿呆 と
n,阿呆 の
n,阿呆 らしい
n,阿呆 臭い
n,哀しい
n,哀しむ
n,哀れ だ
n,愛想 が ない
n,愛想 の 無い
n,悪 趣味 だ
n,悪 趣味 です
n,悪 趣味 と
n,悪 趣味 の
n,悪い
n,悪賢い
n,悪達者 だ
n,悪達者 です
n,悪達者 と
n,悪達者 の
n,悪辣 だ
n,悪辣 です
n,扱い にくい
n,扱い 難い
n,安っぽい
n,安普請 的 だ
n,安普請 的 です
n,安物 だ
n,安物 です
n,安物 と
n,安物 の
n,暗い
n,暗む
n,暗愚 だ
n,暗愚 です
n,暗愚 と
n,暗愚 の
n,暗鬱 だ
n,暗鬱 です
n,暗澹 だ
n,暗澹 です
n,暗澹 と
n,暗澹 の
n,意 に 介さ ない
n,意気地無し だ
n,意気地無し です
n,意気地無し と
n,意気地無し の
n,意固地 だ
n,意固地 です
n,意志 薄弱 だ
n,意志 薄弱 です
n,意志 薄弱 と
n,意志 薄弱 の
n,意地 が 悪い
n,意地 の 悪い
n,意地っぱり だ
n,意地っぱり です
n,意地っぱり と
n,意地っぱり の
n,意地っ張り だ
n,意地っ張り です
n,意地っ張り と
n,意地っ張り の
n,意地汚い
n,意地張り だ
n,意地張り です
n,意地張り と
n,意地張り の
n,違和感 が ある
n,一 卷 の 終り だ
n,一 卷 の 終り です
n,一 卷 の 終り と
n,一 卷 の 終り の
n,一巻 の 終わる
n,一筋縄 で は いか ない
n,一苦労
n,一文惜しみ だ
n,一文惜しみ です
n,一文惜しみ と
n,一文惜しみ の
n,引っ込み がち だ
n,引っ込み がち です
n,引っ込み思案 だ
n,引っ込み思案 です
n,引っ込み思案 と
n,引っ込み思案 の
n,淫蕩 だ
n,淫蕩 です
n,淫蕩 と
n,淫蕩 の
n,淫猥 だ
n,淫猥 です
n,淫靡 だ
n,淫靡 です
n,淫靡 と
n,淫靡 の
n,陰うつ だ
n,陰うつ です
n,陰気臭い
n,陰険 だ
n,陰険 です
n,陰惨 だ
n,陰惨 です
n,陰湿 だ
n,陰湿 です
n,陰鬱 だ
n,陰鬱 です
n,烏滸がましい
n,迂遠 だ
n,迂遠 です
n,迂愚 だ
n,迂愚 です
n,迂闊 だ
n,迂闊 です
n,雲泥の差 が ある
n,雲泥の差 だ
n,雲泥の差 です
n,雲泥の差 と
n,雲泥の差 の
n,影 が うすい
n,影 が 薄い
n,厭 だ
n,厭 です
n,厭わしい
n,怨めしい
n,縁 が ない
n,遠慮 会釈 も ない
n,汚い
n,汚らしい
n,汚らわしい
n,汚れ やすい
n,汚穢 だ
n,汚穢 です
n,汚穢 と
n,汚穢 の
n,奥行き が ない
n,押し が 強い
n,押し付けがましい
n,横柄 だ
n,横柄 です
n,横様 だ
n,横様 です
n,臆病者 だ
n,臆病者 です
n,臆病者 と
n,臆病者 の
n,恩 着せ が まし い
n,下 に も おけ ない
n,下らない
n,下賎 だ
n,下賎 です
n,下等 だ
n,下等 です
n,下劣 だ
n,下劣 です
n,何 に も なら ない
n,何 の へんてつ も ない
n,可哀相 だ
n,可哀相 です
n,火 の 消え た よう
n,禍々しい
n,禍禍しい
n,苛酷 だ
n,苛酷 です
n,苛烈 だ
n,苛烈 です
n,過ち
n,過酷 だ
n,過酷 です
n,我が物顔 だ
n,我が物顔 です
n,我が物顔 と
n,我が物顔 の
n,画一 的 だ
n,画一 的 です
n,怪しい
n,怪しげ だ
n,怪しげ です
n,怪異 だ
n,怪異 です
n,怪奇 だ
n,怪奇 です
n,格好 悪い
n,角 の ある
n,角張り すぎる
n,隔靴掻痒 だ
n,隔靴掻痒 です
n,隔靴掻痒 と
n,隔靴掻痒 の
n,隔心 だ
n,隔心 です
n,隔心 と
n,隔心 の
n,楽しみ が ない
n,割に 合わ ない
n,恰好 わるい
n,恰好 悪い
n,寒々
n,寒ざむ
n,寒寒
n,勘弁 だ
n,感情 的 だ
n,感情 的 です
n,甘 ｋ 見る
n,甘ったれる
n,緩い
n,間 が 悪い
n,間 の 延び た
n,間延び
n,間延び し た
n,間尺 に 合わ ない
n,閑散 だ
n,閑散 です
n,頑愚 だ
n,頑愚 です
n,頑愚 と
n,頑愚 の
n,頑冥 だ
n,頑冥 です
n,頑迷 だ
n,頑迷 です
n,顔負け だ
n,顔負け です
n,顔負け と
n,顔負け の
n,危うい
n,危ない
n,危なっかしい
n,奇々怪々 だ
n,奇々怪々 です
n,奇々怪々 と
n,奇々怪々 の
n,奇っ怪 だ
n,奇っ怪 です
n,奇奇怪怪 だ
n,奇奇怪怪 です
n,奇奇怪怪 と
n,奇奇怪怪 の
n,奇態 だ
n,奇態 です
n,希薄 だ
n,希薄 です
n,忌まわしい
n,忌わしい
n,機械 的 だ
n,機械 的 です
n,機嫌 が 悪い
n,気 が 遠く なる
n,気 が 遠のく
n,気 が 強い
n,気 が 塞ぐ
n,気 が 弱い
n,気 が 重い
n,気 が 小さい
n,気 が 短い
n,気 が 沈む
n,気 に くわ ない
n,気 むつかしい
n,気ぜわしい
n,気むずかしい
n,気弱 だ
n,気弱 です
n,気取っ た
n,気色 が 悪い
n,気早 だ
n,気早 です
n,気短 だ
n,気短 です
n,気難しい
n,気付き にくい
n,気分 が 悪い
n,気忙しい
n,気味が悪い
n,稀薄 だ
n,稀薄 です
n,儀式張っ た
n,戯け です
n,戯け と
n,戯け の
n,疑い深い
n,疑わしい
n,疑問 だ
n,詰屈 だ
n,詰屈 です
n,逆賊 だ
n,逆賊 です
n,逆賊 と
n,逆賊 の
n,泣き所 だ
n,泣き所 です
n,泣き所 と
n,泣き所 の
n,泣き虫 だ
n,泣き虫 です
n,泣き虫 と
n,泣き虫 の
n,居丈高 だ
n,居丈高 です
n,虚仮 だ
n,虚仮 です
n,虚仮 と
n,虚仮 の
n,許し がたい
n,凶漢 だ
n,凶漢 です
n,凶漢 と
n,凶漢 の
n,凶暴 だ
n,凶暴 です
n,凶猛 だ
n,凶猛 です
n,凶猛 と
n,凶猛 の
n,強情 張 だ
n,強情 張 です
n,強情 張 と
n,強情 張 の
n,強情っぱり だ
n,強情っぱり です
n,強欲 だ
n,強欲 です
n,怯懦 だ
n,怯懦 です
n,怯懦 と
n,怯懦 の
n,恐るべき
n,恐れ が ある
n,恐れ多い
n,狂わしい
n,狂人 だ
n,狂人 です
n,狂人 と
n,狂人 の
n,狂暴 だ
n,狂暴 です
n,狂乱
n,狭苦しい
n,狭量 だ
n,狭量 です
n,狭隘 だ
n,狭隘 です
n,脅かす
n,興味 が ない
n,驚き が ない
n,仰々しい
n,仰仰しい
n,業 突く 張り だ
n,業 突く 張り です
n,業 突く 張り と
n,業 突く 張り の
n,極貧 だ
n,極貧 です
n,極貧 と
n,極貧 の
n,僅少 だ
n,僅少 です
n,僅少 と
n,僅少 の
n,近目 だ
n,近目 です
n,近目 と
n,近目 の
n,銀流し だ
n,銀流し です
n,銀流し と
n,銀流し の
n,苦 に なる
n,苦々しい
n,苦し紛れ だ
n,苦し紛れ です
n,苦肉の策 だ
n,苦肉の策 です
n,苦肉の策 と
n,苦肉の策 の
n,愚 に も つか ぬ
n,愚 の 骨頂 だ
n,愚 の 骨頂 です
n,愚 の 骨頂 と
n,愚 の 骨頂 の
n,愚か
n,愚かしい
n,愚人 だ
n,愚人 です
n,愚人 と
n,愚人 の
n,愚図 だ
n,愚図 です
n,愚図 と
n,愚図 の
n,愚直 だ
n,愚直 です
n,愚直 と
n,愚直 の
n,愚鈍 だ
n,愚鈍 です
n,愚鈍 と
n,愚鈍 の
n,愚物 だ
n,愚物 です
n,愚物 と
n,愚物 の
n,愚昧 だ
n,愚昧 です
n,愚劣 だ
n,愚劣 です
n,愚劣 と
n,愚劣 の
n,空々しい
n,空しい
n,空回り
n,空恐ろしい
n,空空しい
n,空疎 だ
n,空疎 です
n,空中 楼閣 だ
n,空中 楼閣 です
n,空中 楼閣 と
n,空中 楼閣 の
n,屈伏
n,屈服
n,型 に はまる
n,形無し だ
n,形無し です
n,形無し と
n,形無し の
n,軽々しい
n,軽はずみ だ
n,軽はずみ です
n,軽はずみ と
n,軽はずみ の
n,軽視
n,軽蔑
n,軽躁 だ
n,軽躁 です
n,軽躁 と
n,軽躁 の
n,激越 だ
n,激越 です
n,隙 だらけ
n,欠陥 が ある
n,欠陥 品
n,血 も 涙 も ない
n,血の気 が 多い
n,喧しい
n,喧嘩腰 だ
n,喧嘩腰 です
n,喧嘩腰 と
n,喧嘩腰 の
n,堅苦しい
n,堅物 だ
n,堅物 です
n,堅物 と
n,堅物 の
n,嫌 らしい
n,嫌み だ
n,嫌み です
n,嫌み と
n,嫌み の
n,嫌味 たらしい
n,嫌味 ったらしい
n,見えっ張り だ
n,見えっ張り です
n,見ぐるしい
n,見づらい
n,見にくい
n,見る かげ も ない
n,見る 影 も ない
n,見下す
n,見苦しい
n,見向き も し ない
n,険しい
n,険悪 だ
n,険悪 です
n,険悪 と
n,険悪 の
n,険難 だ
n,険難 です
n,元 も 子 も ない
n,厳つい
n,厳酷 だ
n,厳酷 です
n,幻怪 だ
n,幻怪 です
n,幻怪 と
n,幻怪 の
n,言語道断 だ
n,言語道断 です
n,言語道断 と
n,言語道断 の
n,個性 が ない
n,個性 は ない
n,古めかしい
n,古臭い
n,固陋 だ
n,固陋 です
n,姑息 だ
n,姑息 です
n,胡散臭い
n,誇大 だ
n,誇大 です
n,後 の まつり だ
n,後 の まつり です
n,後 の まつり と
n,後 の まつり の
n,後の祭り だ
n,後の祭り です
n,後の祭り と
n,後の祭り の
n,後悔 先 に 立た ぬ
n,御 粗末 だ
n,御 粗末 です
n,御機嫌 斜め だ
n,御機嫌 斜め です
n,御機嫌 斜め と
n,御機嫌 斜め の
n,御大層 だ
n,御大層 です
n,効き すぎる
n,効き にくい
n,効き 難い
n,厚かましい
n,厚ぼったい
n,厚顔 だ
n,厚顔 です
n,口 が さびしい
n,口 が 軽い
n,口 ほど に も ない
n,口惜しい
n,口先 だけ
n,口先 だけ の
n,向う見ず だ
n,向う見ず です
n,好い加減 だ
n,好い加減 です
n,好きもの だ
n,好きもの です
n,好きもの と
n,好きもの の
n,好き嫌い が ある
n,好き嫌い は ある
n,巧言令色 だ
n,巧言令色 です
n,巧言令色 と
n,巧言令色 の
n,慌しい
n,慌ただしい
n,甲斐性 無い
n,糠 に 釘 だ
n,糠 に 釘 です
n,糠 に 釘 と
n,糠 に 釘 の
n,荒々しい
n,荒くれ た
n,荒っぽい
n,荒らか だ
n,荒らか です
n,荒荒しい
n,荒削り だ
n,荒削り です
n,荒削り と
n,荒削り の
n,荒誕 だ
n,荒誕 です
n,荒誕 と
n,荒誕 の
n,荒唐 だ
n,荒唐 です
n,荒唐 と
n,荒唐 の
n,高慢 だ
n,高慢 です
n,高慢 と
n,高慢 の
n,高慢ちき だ
n,高慢ちき です
n,高慢ちき と
n,高慢ちき の
n,剛愎 だ
n,剛愎 です
n,剛愎 と
n,剛愎 の
n,合わせ にくい
n,酷 たらしい
n,酷 だ
n,酷 です
n,酷 と
n,酷 の
n,酷い
n,酷しい
n,酷薄 だ
n,酷薄 です
n,酷薄 と
n,酷薄 の
n,酷烈 だ
n,酷烈 です
n,腰 が 弱い
n,腰 が 重い
n,腰砕け だ
n,腰砕け です
n,腰砕け と
n,腰砕け の
n,腰弱 だ
n,腰弱 です
n,腰抜け だ
n,腰抜け です
n,腰抜け と
n,腰抜け の
n,今ひとつ
n,今一つ だ
n,今一つ です
n,今一つ と
n,今一つ の
n,恨み 骨髄 に 徹する
n,恨めしい
n,根 性悪 だ
n,根性 悪 です
n,根性 悪 と
n,根性 悪 の
n,根性 曲り
n,根無し だ
n,根無し です
n,根無し と
n,根無し の
n,差 が ある
n,差 が 激しい
n,差 は ある
n,差し支える
n,差し出がましい
n,差支える
n,差別 的 だ
n,差別 的 です
n,細細
n,在り来り だ
n,在り来り です
n,罪ぶかい
n,罪作り だ
n,罪作り です
n,罪作り と
n,罪作り の
n,罪深い
n,策士 だ
n,策士 です
n,策士 と
n,策士 の
n,擦れっ枯らし だ
n,擦れっ枯らし です
n,擦れっ枯らし と
n,擦れっ枯らし の
n,殺人 的 だ
n,殺人 的 です
n,殺伐 だ
n,殺伐 です
n,殺伐 の
n,殺伐と
n,雑 だ
n,雑 です
n,雑 と
n,雑 の
n,雑然 だ
n,雑然 です
n,雑然 の
n,惨い
n,惨たらしい
n,惨烈 だ
n,惨烈 です
n,惨烈 と
n,惨烈 の
n,惨憺 だ
n,惨憺 です
n,惨憺 と
n,惨憺 の
n,散々 だ
n,散々 です
n,散散 だ
n,散散 です
n,酸鼻 だ
n,酸鼻 です
n,酸鼻 と
n,酸鼻 の
n,残り惜しい
n,残り多い
n,残刻 だ
n,残刻 です
n,残忍 だ
n,残忍 です
n,残忍 と
n,残忍 の
n,仕方 が ない
n,仕方 ない
n,仕方 の ない
n,使い づらい
n,使い にくい
n,使い 難い
n,使い物 に なら ない
n,刺々しい
n,刺刺しい
n,子供 っぽい
n,子供だまし だ
n,子供だまし です
n,子供だまし と
n,子供だまし の
n,子供騙し だ
n,子供騙し です
n,子供騙し と
n,子供騙し の
n,思いきり の 悪い
n,思い切り の 悪い
n,思わしくない
n,支障 が ある
n,脂 こい
n,脂っこい
n,歯 が 立た ない
n,歯痒い
n,耳年増 だ
n,耳年増 です
n,耳年増 と
n,耳年増 の
n,自縄自縛 だ
n,自縄自縛 です
n,自縄自縛 と
n,自縄自縛 の
n,七転八倒 だ
n,七転八倒 です
n,七転八倒 と
n,七転八倒 の
n,七面倒臭い
n,執念深い
n,質感 が ない
n,邪険 だ
n,邪険 です
n,邪魔 者
n,邪魔 物
n,邪魔くさい
n,邪慳 だ
n,邪慳 です
n,寂しげ だ
n,寂しげ です
n,寂しげ と
n,寂しげ の
n,寂れる
n,寂寞 だ
n,寂寞 です
n,寂寞 と
n,寂寞 の
n,弱々しい
n,弱り目 だ
n,弱り目 です
n,弱り目 と
n,弱り目 に たたり目 だ
n,弱り目 に たたり目 です
n,弱り目 に たたり目 と
n,弱り目 に たたり目 の
n,弱り目 の
n,弱虫 だ
n,弱虫 です
n,弱虫 と
n,弱虫 の
n,守銭奴 だ
n,守銭奴 です
n,守銭奴 と
n,守銭奴 の
n,手 が つけ られ ない
n,手 が 出 ない
n,手 が 足り ない
n,手 に おえ ない
n,手 に 余る
n,手 の 出し 様 が ない
n,手ぬるい
n,手ひどい
n,手緩い
n,手狭 だ
n,手狭 です
n,手狭 と
n,手狭 の
n,手厳しい
n,手荒 だ
n,手荒 です
n,手荒い
n,手酷い
n,手重い
n,手痛い
n,手薄 だ
n,手薄 です
n,酒 落 臭い だ
n,酒 落 臭い です
n,酒 落 臭い と
n,酒 落 臭い の
n,受け入れ 難い
n,受け付け ない
n,呪わしい
n,臭い
n,醜い
n,重々しい
n,重苦しい
n,重重しい
n,術無い
n,峻険 だ
n,峻険 です
n,峻厳 だ
n,峻厳 です
n,峻嶮 だ
n,峻嶮 です
n,暑がり だ
n,暑がり です
n,暑がり と
n,暑がり の
n,暑苦しい
n,女たらし だ
n,女たらし です
n,女たらし と
n,女たらし の
n,女女しい
n,小 難しい
n,小汚い
n,小気味 が 悪い
n,小賢しい
n,小心翼翼 だ
n,小心翼翼 です
n,小心翼翼 と
n,小心翼翼 の
n,小憎らしい
n,小便 くさい
n,小面憎い
n,小利口 だ
n,小利口 です
n,小癪 に さわる
n,焦れったい
n,省き すぎる
n,笑止千万 です
n,笑止千万 と
n,笑止千万 の
n,上っ面 だけ
n,上滑り だ
n,上滑り です
n,上辷り だ
n,上辷り です
n,冗談 じゃ ない
n,冗長 だ
n,冗長 です
n,冗漫 だ
n,冗漫 です
n,情け が 無い
n,情け 知らず
n,情け 容赦 も ない
n,情けない
n,情強 だ
n,情強 です
n,色あせる
n,色気 が ない
n,尻 が 軽い
n,尻 が 重い
n,尻 の 穴 が 小さい
n,尻ごみ
n,尻軽 だ
n,尻軽 です
n,尻込み
n,伸び が ない
n,信じ がたい
n,寝覚め が 悪い
n,寝苦しい
n,寝耳 に 水 だ
n,寝耳 に 水 です
n,寝耳 に 水 と
n,寝耳 に 水 の
n,心 が 重い
n,心 が 騒ぐ
n,心 を 乱す
n,心許ない
n,心許無い
n,心苦しい
n,心無い
n,心憂い
n,新鮮味 は ない
n,深み が ない
n,身 も ふた も ない
n,身 も 蓋 も ない
n,身の程知らず だ
n,身の程知らず です
n,身の程知らず と
n,身の程知らず の
n,辛気 くさい
n,辛気臭い
n,人 が 悪い
n,人 を 食っ た
n,人気 が ない
n,人気 は ない
n,人泣かせ だ
n,人泣かせ です
n,人泣かせ と
n,人泣かせ の
n,人聞き が 悪い
n,人聞き の 悪い
n,人目 に つく
n,人恋しい
n,図々しい
n,水の泡 だ
n,水の泡 です
n,水の泡 と
n,水の泡 に なる
n,水の泡 の
n,水臭い
n,嵩張る
n,寸づまり だ
n,寸づまり です
n,寸づまり と
n,寸づまり の
n,寸足らず だ
n,寸足らず です
n,寸足らず と
n,寸足らず の
n,世間 知らず
n,世知辛い
n,凄惨 だ
n,凄惨 です
n,凄惨 と
n,凄惨 の
n,凄絶 だ
n,凄絶 です
n,凄絶 と
n,凄絶 の
n,性悪 だ
n,性悪 です
n,生ぬるい
n,生硬 だ
n,生硬 です
n,生煮え だ
n,生煮え です
n,生煮え と
n,生煮え の
n,青臭い
n,青二才 だ
n,青二才 です
n,青二才 と
n,青二才 の
n,脆い
n,惜しい
n,惜しくも
n,拙い
n,拙劣 だ
n,拙劣 です
n,節度 が ない
n,絶体絶命 だ
n,絶体絶命 です
n,絶体絶命 と
n,絶体絶命 の
n,絶望 的 だ
n,絶望 的 です
n,舌先三寸 だ
n,舌先三寸 です
n,舌先三寸 と
n,舌先三寸 の
n,戦闘 的 だ
n,戦闘 的 です
n,浅はか だ
n,浅はか です
n,浅ましい
n,浅薄 だ
n,浅薄 です
n,浅慮 だ
n,浅慮 です
n,浅慮 と
n,浅慮 の
n,詮無い
n,賎しい
n,疎い
n,疎か だ
n,疎か です
n,疎ましい
n,疎略 だ
n,疎略 です
n,疎略 と
n,疎略 の
n,粗削り だ
n,粗削り です
n,粗削り と
n,粗削り の
n,粗雑 だ
n,粗雑 です
n,粗大 だ
n,粗大 です
n,粗暴 だ
n,粗暴 です
n,粗暴 と
n,粗暴 の
n,粗末 だ
n,粗末 です
n,粗野 だ
n,粗野 です
n,粗笨 だ
n,粗笨 です
n,粗笨 と
n,粗笨 の
n,素 気 無い
n,素っ気 ない
n,素っ気 も ない
n,素っ気 も 無い
n,素っ気 無い
n,素っ頓狂 だ
n,素っ頓狂 です
n,素頓狂 だ
n,素頓狂 です
n,鼠輩 だ
n,鼠輩 です
n,鼠輩 と
n,鼠輩 の
n,早計 だ
n,早計 です
n,早計 と
n,早計 の
n,騒々しい
n,騒がしい
n,騒然たる
n,騒騒しい
n,増悪
n,憎々しい
n,憎体 だ
n,憎体 です
n,息苦しい
n,俗っぽい
n,俗悪 だ
n,俗悪 です
n,俗悪 と
n,俗悪 の
n,俗物 だ
n,俗物 です
n,俗物 と
n,俗物 の
n,俗離れ だ
n,俗離れ です
n,俗離れ と
n,俗離れ の
n,卒爾 だ
n,卒爾 です
n,卒爾 と
n,卒爾 の
n,遜色 が ある
n,多情 多恨 だ
n,多情 多恨 です
n,多情 多恨 と
n,多情 多恨 の
n,惰弱 だ
n,惰弱 です
n,駄目
n,耐え難い
n,態とらしい
n,態度 が 大きい
n,大 それ た
n,大仰 だ
n,大仰 です
n,大愚 だ
n,大愚 です
n,大愚 と
n,大愚 の
n,大形 だ
n,大形 です
n,大嫌い だ
n,大嫌い です
n,濁る た
n,嘆かわしい
n,短慮 だ
n,短慮 です
n,暖簾 に 腕 押し だ
n,暖簾 に 腕 押し です
n,暖簾 に 腕 押し と
n,暖簾 に 腕 押し の
n,男尊女卑 だ
n,男尊女卑 です
n,男尊女卑 と
n,男尊女卑 の
n,値 が 張る
n,恥知らず だ
n,恥知らず です
n,恥知らず と
n,恥知らず の
n,恥曝し だ
n,恥曝し です
n,痴れ者 だ
n,痴れ者 です
n,痴れ者 と
n,痴れ者 の
n,稚気 だ
n,稚気 です
n,稚気 と
n,稚気 の
n,致し方 ない
n,致し方 無い
n,致命 的 だ
n,致命 的 です
n,遅々たる
n,遅い
n,遅緩 だ
n,遅緩 です
n,遅緩 と
n,遅緩 の
n,遅鈍 だ
n,遅鈍 です
n,遅鈍 と
n,遅鈍 の
n,茶番 劇 だ
n,茶番 劇 です
n,茶番 劇 と
n,茶番 劇 の
n,虫 が いい
n,虫 が 好く ない
n,虫 の いい
n,虫酸 が 走る
n,張りつめる
n,張り出し すぎ
n,挑発 的 だ
n,挑発 的 です
n,調子はずれ だ
n,調子はずれ です
n,調子はずれ と
n,調子はずれ の
n,長たらしい
n,沈痛 だ
n,沈痛 です
n,沈鬱 だ
n,沈鬱 です
n,沈鬱 と
n,沈鬱 の
n,陳腐 だ
n,陳腐 です
n,痛々しい
n,痛ましい
n,低級 だ
n,低級 です
n,低質 だ
n,低質 です
n,低質 と
n,低質 の
n,低俗 だ
n,低俗 です
n,低能 だ
n,低能 です
n,低能 と
n,低能 の
n,低劣 だ
n,低劣 です
n,底 が 浅い
n,底 が 知れ ない
n,底意地 の 悪い
n,程遠い
n,締まり が ない
n,締まり が 無い
n,締まり の ない
n,締まり屋 だ
n,締まり屋 です
n,締まり屋 と
n,締まり屋 の
n,締り が ない
n,締り が 無い
n,諦め の 悪い
n,泥くさい
n,泥臭い
n,鉄面皮 だ
n,鉄面皮 です
n,天保銭 だ
n,天保銭 です
n,天保銭 と
n,天保銭 の
n,田舎 くさい
n,田舎 っぽい
n,田舎 臭い
n,徒 だ
n,徒 です
n,徒爾 だ
n,徒爾 です
n,徒爾 と
n,徒爾 の
n,杜撰 だ
n,杜撰 です
n,杜撰 と
n,杜撰 の
n,途方 も ない
n,途方 も 無い
n,都合 が 悪い
n,度 が 強い
n,度し難い
n,土 くさい
n,土臭い
n,怒り っぽい
n,怒り 心頭 だ
n,怒り 心頭 です
n,怒り 心頭 と
n,怒り 心頭 に 発する
n,怒り 心頭 の
n,盗人 猛猛しい
n,逃げ腰 だ
n,逃げ腰 です
n,逃げ腰 と
n,逃げ腰 の
n,頭 が 固い
n,頭 が 高い
n,頭 へ 来る
n,頭 を ひねる
n,頭 を 捻る
n,頭 を 冷やす
n,道理 に 外れ た
n,得体 の 知れ ない
n,毒 に も 薬 に も なら ぬ
n,毒々しい
n,独断 的 だ
n,独断 的 です
n,突拍子 も ない
n,突慳貪 だ
n,突慳貪 です
n,豚 に 真珠 だ
n,豚 に 真珠 です
n,豚 に 真珠 と
n,豚 に 真珠 の
n,鈍
n,鈍 臭い
n,鈍根 だ
n,鈍根 です
n,鈍根 と
n,鈍根 の
n,鈍重 だ
n,鈍重 です
n,鈍重 と
n,鈍重 の
n,鈍物 だ
n,鈍物 です
n,鈍物 と
n,鈍物 の
n,内弁慶 だ
n,内弁慶 です
n,内弁慶 と
n,内弁慶 の
n,馴れ馴れしい
n,難 が ある
n,難物 だ
n,難物 です
n,難物 と
n,難物 の
n,二の句 が つげ ない
n,二目 と 見 られ ない
n,日陰者 だ
n,日陰者 です
n,日陰者 と
n,日陰者 の
n,乳臭 だ
n,乳臭 です
n,乳臭 と
n,乳臭 の
n,乳臭い
n,入り づらい
n,入り にくい
n,如何わしい
n,猫 に 小判 だ
n,猫 に 小判 です
n,猫 に 小判 と
n,猫 に 小判 の
n,猫 の 額 だ
n,猫 の 額 です
n,猫 の 額 と
n,猫 の 額 の
n,熱鬧 だ
n,熱鬧 です
n,熱鬧 と
n,熱鬧 の
n,年寄り くさい
n,粘っこい
n,悩ましい
n,能 なし
n,能無し だ
n,能無し です
n,能無し と
n,能無し の
n,波 が ある
n,派手 好み だ
n,派手 好み です
n,派手 好み と
n,派手 好み の
n,破壊 的 だ
n,破壊 的 です
n,破戒無慙 だ
n,破戒無慙 です
n,破戒無慙 と
n,破戒無慙 の
n,破滅 的 だ
n,破滅 的 です
n,破廉恥 だ
n,破廉恥 です
n,破廉恥 と
n,破廉恥 の
n,馬 の 耳 に 念仏
n,馬耳東風 だ
n,馬耳東風 です
n,馬耳東風 と
n,馬耳東風 の
n,馬鹿 くさい
n,馬鹿 に する
n,馬鹿 者
n,馬鹿 野郎 だ
n,馬鹿 野郎 です
n,馬鹿 野郎 と
n,馬鹿 野郎 の
n,馬鹿らしい
n,馬鹿臭い
n,馬鹿馬鹿しい
n,背筋 が 寒く なる
n,買い得 です
n,売国奴 だ
n,売国奴 です
n,売国奴 と
n,売国奴 の
n,白々しい
n,白眼 視 する
n,薄ぎたない
n,薄ぐらい
n,薄っぺら だ
n,薄っぺら です
n,薄暗い
n,薄汚い
n,薄気味悪い
n,薄馬鹿 だ
n,薄馬鹿 です
n,薄馬鹿 と
n,薄馬鹿 の
n,薄氷 を 踏む 思い だ
n,薄氷 を 踏む 思い です
n,薄氷 を 踏む 思い と
n,薄氷 を 踏む 思い の
n,迫力 が ない
n,漠漠 だ
n,漠漠 です
n,漠漠 と
n,漠漠 の
n,莫迦 だ
n,莫迦 です
n,莫迦 と
n,莫迦 の
n,八方美人 だ
n,八方美人 です
n,八方美人 と
n,八方美人 の
n,髪の毛 を 逆立てる
n,罰金 もの
n,抜差し なら ない
n,半可通 だ
n,半可通 です
n,半可通 と
n,半可通 の
n,半間 だ
n,半間 です
n,半人前 だ
n,半人前 です
n,半人前 と
n,半人前 の
n,反り が 合わ ない
n,反対 だ
n,繁雑 だ
n,繁雑 です
n,煩わしい
n,卑しい
n,卑しんぼう だ
n,卑しんぼう です
n,卑しんぼう と
n,卑しんぼう の
n,卑しん坊 だ
n,卑しん坊 です
n,卑しん坊 と
n,卑しん坊 の
n,卑わい だ
n,卑わい です
n,卑賎 だ
n,卑賎 です
n,卑賎 と
n,卑賎 の
n,卑俗 だ
n,卑俗 です
n,卑劣 だ
n,卑劣 です
n,卑猥 だ
n,卑猥 です
n,卑陋 だ
n,卑陋 です
n,卑陋 と
n,卑陋 の
n,否定 的 だ
n,否定 的 です
n,悲しい
n,悲酸 だ
n,悲酸 です
n,悲壮 だ
n,悲壮 です
n,悲壮 と
n,悲壮 の
n,悲愴 だ
n,悲愴 です
n,悲愴 と
n,悲愴 の
n,皮相 だ
n,皮相 です
n,非 人道的 だ
n,非 人道的 です
n,非の打ち所 が ある
n,尾篭 だ
n,尾篭 です
n,鼻 に 付く
n,鼻っぱし が 強い
n,鼻っ柱 が 強い
n,鼻持ち が なら ない
n,鼻持ち なら ない
n,鼻息 が 荒い
n,表六玉 だ
n,表六玉 です
n,表六玉 と
n,表六玉 の
n,品 が ない
n,貧しい
n,貧寒 だ
n,貧寒 です
n,貧寒 と
n,貧寒 の
n,貧賎 だ
n,貧賎 です
n,貧相 だ
n,貧相 です
n,貧相 と
n,貧相 の
n,貧乏 くさい
n,貧乏人 だ
n,貧乏人 です
n,貧乏人 と
n,貧乏人 の
n,不 似合 だ
n,不 似合 です
n,不 似合 と
n,不 似合 の
n,不 深切 だ
n,不 深切 です
n,不 深切 と
n,不 深切 の
n,不 釣り合い だ
n,不 釣り合い です
n,不 釣り合い と
n,不 釣り合い の
n,不 熱心 だ
n,不 熱心 です
n,不 勉強
n,不ぞろい だ
n,不ぞろい です
n,不ぞろい と
n,不ぞろい の
n,不まじめ だ
n,不まじめ です
n,不穏 だ
n,不穏 です
n,不穏当 だ
n,不穏当 です
n,不穏当 と
n,不穏当 の
n,不可解 だ
n,不可解 です
n,不可思議 だ
n,不可思議 です
n,不格好 だ
n,不格好 です
n,不格好 と
n,不格好 の
n,不恰好 だ
n,不恰好 です
n,不恰好 と
n,不恰好 の
n,不謹慎 だ
n,不謹慎 です
n,不見識 だ
n,不見識 です
n,不甲斐ない
n,不行き届き だ
n,不行き届き です
n,不行届 だ
n,不行届 です
n,不行届き だ
n,不行届き です
n,不作法 だ
n,不作法 です
n,不作法 と
n,不作法 の
n,不充分 だ
n,不充分 です
n,不承知 だ
n,不承知 です
n,不承知 と
n,不承知 の
n,不粋 だ
n,不粋 です
n,不粋 と
n,不粋 の
n,不正直 だ
n,不正直 です
n,不正直 と
n,不正直 の
n,不精 者
n,不誠実 だ
n,不誠実 です
n,不鮮明 だ
n,不鮮明 です
n,不相応 だ
n,不相応 です
n,不相応 と
n,不相応 の
n,不束 だ
n,不束 です
n,不体裁 だ
n,不体裁 です
n,不退転 だ
n,不退転 です
n,不退転 と
n,不退転 の
n,不釣合 だ
n,不釣合 です
n,不定 だ
n,不定 です
n,不適 だ
n,不適 です
n,不適 と
n,不適 の
n,不適切 だ
n,不適切 です
n,不適当 だ
n,不適当 です
n,不適当 と
n,不適当 の
n,不徹底 だ
n,不徹底 です
n,不透明 だ
n,不透明 です
n,不同 だ
n,不同 です
n,不得要領 だ
n,不得要領 です
n,不得要領 と
n,不得要領 の
n,不評 を 買う
n,不敏 だ
n,不敏 です
n,不本意 だ
n,不本意 です
n,不味い
n,不明瞭 だ
n,不明瞭 です
n,不明朗 だ
n,不明朗 です
n,不面目 だ
n,不面目 です
n,不慮 だ
n,不慮 です
n,不慮 と
n,不慮 の
n,不躾 だ
n,不躾 です
n,不躾 と
n,不躾 の
n,付け にくい
n,付け焼き刃 だ
n,付け焼き刃 です
n,付け焼き刃 と
n,付け焼き刃 の
n,敷居 が 高い
n,浮き腰 だ
n,浮き腰 です
n,浮き腰 と
n,浮き腰 の
n,浮き足立つ
n,浮薄 だ
n,浮薄 です
n,浮薄 と
n,浮薄 の
n,風 の 前 の ちり だ
n,風 の 前 の ちり です
n,風 の 前 の ちり と
n,風 の 前 の ちり の
n,風向き が 悪い
n,風上 に も 置け ない
n,風来坊 だ
n,風来坊 です
n,風来坊 と
n,風来坊 の
n,腹 が 黒い
n,腹 が 立つ
n,腹 の 立つ
n,腹 汚い
n,腹だつ
n,腹黒い
n,複雑 怪奇 だ
n,複雑 怪奇 です
n,複雑 怪奇 と
n,複雑 怪奇 の
n,覆水 盆 に 返る ぬ
n,物々しい
n,物わかり が 悪い
n,物わかり の 悪い
n,物恐ろしい
n,物見高い
n,物寂しい
n,物臭 だ
n,物臭 です
n,物臭 と
n,物臭 の
n,物凄まじい
n,物足りない
n,物体 無い
n,物悲しい
n,物物しい
n,物憂い
n,分 が わるい
n,分 が 悪い
n,分から ず 屋
n,分かり づらい
n,分別臭い
n,紛い物 だ
n,紛い物 です
n,紛い物 と
n,紛い物 の
n,紛然 だ
n,紛然 です
n,紛然 と
n,紛然 の
n,紛紛 だ
n,紛紛 です
n,紛紛 と
n,紛紛 の
n,文無し だ
n,文無し です
n,文無し と
n,文無し の
n,聞きづらい
n,聞きにくい
n,聞き苦しい
n,聞き辛い
n,聞き分け の ない
n,聞く ? にくい
n,聞苦しい
n,兵六玉 だ
n,兵六玉 です
n,兵六玉 と
n,兵六玉 の
n,米食い虫 だ
n,米食い虫 です
n,米食い虫 と
n,米食い虫 の
n,癖 が ある
n,蔑む
n,蔑ろ だ
n,蔑ろ です
n,偏狭 だ
n,偏狭 です
n,偏屈 だ
n,偏屈 です
n,偏窟 だ
n,偏窟 です
n,変 ちきり ん だ
n,変 ちきり ん です
n,変 ちく りん だ
n,変 ちく りん です
n,変則 的 だ
n,変則 的 です
n,片意地 だ
n,片意地 です
n,片意地 と
n,片意地 の
n,片寄る
n,片腹痛い
n,辺ぴ だ
n,辺ぴ です
n,辺鄙 だ
n,辺鄙 です
n,放佚 だ
n,放佚 です
n,法外 だ
n,法外 です
n,飽き が 来る
n,飽き 足り ない
n,飽く っぽい
n,乏しい
n,忙しい
n,暴悪 だ
n,暴悪 です
n,暴悪 と
n,暴悪 の
n,暴慢 だ
n,暴慢 です
n,暴戻 だ
n,暴戻 です
n,暴戻 と
n,暴戻 の
n,暴力 的 だ
n,暴力 的 です
n,謀叛 人
n,朴念仁 だ
n,朴念仁 です
n,朴念仁 と
n,朴念仁 の
n,凡愚 だ
n,凡愚 です
n,凡愚 と
n,凡愚 の
n,凡骨 だ
n,凡骨 です
n,凡骨 と
n,凡骨 の
n,埋もれる
n,末恐ろしい
n,慢性 的 だ
n,慢性 的 です
n,漫ろ だ
n,漫ろ です
n,味 が ない
n,味 も そっけ も ない
n,味 も そっけ も 無い
n,味 も 素 気 も ない
n,味気 ない
n,味気 無い
n,味噌っ滓 だ
n,味噌っ滓 です
n,味噌っ滓 と
n,味噌っ滓 の
n,未練がましい
n,魅力 が ない
n,妙ちきりん だ
n,妙ちきりん です
n,無 細工 だ
n,無 細工 です
n,無 細工 と
n,無 細工 の
n,無愛敬 だ
n,無愛敬 です
n,無愛敬 と
n,無愛敬 の
n,無愛嬌 だ
n,無愛嬌 です
n,無愛嬌 と
n,無愛嬌 の
n,無闇矢鱈 だ
n,無闇矢鱈 です
n,無意義 だ
n,無意義 です
n,無為 だ
n,無為 です
n,無縁 だ
n,無縁 です
n,無音 だ
n,無音 です
n,無音 と
n,無音 の
n,無機 的 だ
n,無機 的 です
n,無気味 だ
n,無気味 です
n,無気味 と
n,無気味 の
n,無骨 だ
n,無骨 です
n,無骨 と
n,無骨 の
n,無作法 だ
n,無作法 です
n,無作法 と
n,無作法 の
n,無粋 だ
n,無粋 です
n,無恥 だ
n,無恥 です
n,無恥 と
n,無恥 の
n,無鉄砲 だ
n,無鉄砲 です
n,無頓着 だ
n,無頓着 です
n,無礼 窮まり ない
n,冥々 だ
n,冥々 です
n,冥々 と
n,冥々 の
n,名ばかり だ
n,名ばかり です
n,名ばかり と
n,名ばかり の
n,名残惜しい
n,命知らず だ
n,命知らず です
n,命知らず と
n,命知らず の
n,滅相 だ
n,滅相 です
n,滅相 も 無い
n,滅多矢鱈 だ
n,滅多矢鱈 です
n,滅茶 だ
n,滅茶 です
n,滅茶苦茶 だ
n,滅茶苦茶 です
n,滅茶滅茶 だ
n,滅茶滅茶 です
n,面 の 皮 が 厚い
n,面はゆい
n,面映ゆい
n,面憎い
n,面倒い
n,面倒臭い
n,面白み が ない
n,模糊 だ
n,模糊 です
n,模糊 と
n,模糊 の
n,妄り だ
n,妄り です
n,毛羽立つ
n,盲信 的 だ
n,盲信 的 です
n,木 で 鼻 を くくっ た よう だ
n,木偶 坊 だ
n,木偶 坊 です
n,木偶 坊 と
n,木偶 坊 の
n,木偶の坊 だ
n,木偶の坊 です
n,木偶の坊 と
n,木偶の坊 の
n,目 が 回る
n,目 に 余る
n,目 も あて られ ない
n,目 も くれ ない
n,目 を むく
n,目 を 回す
n,目 を 剥く
n,目 を 瞑る
n,目茶 だ
n,目茶 です
n,勿体ない
n,問題児 だ
n,問題児 です
n,問題児 と
n,問題児 の
n,悶悶 だ
n,悶悶 です
n,悶悶 と
n,悶悶 の
n,爺むさい
n,野卑 だ
n,野卑 です
n,野暮 だ
n,野暮 です
n,野暮ったい
n,野暮天 だ
n,野暮天 です
n,野暮天 と
n,野暮天 の
n,野鄙 だ
n,野鄙 です
n,野鄙 と
n,野鄙 の
n,油っこい
n,油断大敵 だ
n,油断大敵 です
n,油断大敵 と
n,油断大敵 の
n,憂い
n,憂うつ だ
n,憂うつ です
n,有り勝ち だ
n,有り勝ち です
n,有り得る ない
n,有頂天 だ
n,有頂天 です
n,有頂天 と
n,有頂天 の
n,有難迷惑 だ
n,有難迷惑 です
n,由々しい
n,由無い
n,由由しい
n,遊び が ない
n,融通 の 利か ない
n,余儀ない
n,余計 だ
n,余計 です
n,余裕 が ない
n,余裕 は ない
n,与太 だ
n,与太 です
n,与太 と
n,与太 の
n,妖しい
n,揺らぐ
n,要注意 だ
n,要注意 です
n,要注意 と
n,要注意 の
n,欲 深い
n,欲深 だ
n,欲深 です
n,欲深 と
n,欲深 の
n,欲張り だ
n,欲張り です
n,欲張り と
n,欲張り の
n,頼み少ない
n,頼め ない
n,頼り ない
n,頼り 無い
n,落ちぶれる
n,落ち着か ない
n,落ち着き の ない
n,落ち着き の 無い
n,乱脈 だ
n,乱脈 です
n,裏目 だ
n,裏目 です
n,裏目 と
n,裏目 の
n,率爾 だ
n,率爾 です
n,率爾 と
n,率爾 の
n,立遅れる
n,竜頭蛇尾 だ
n,竜頭蛇尾 です
n,竜頭蛇尾 と
n,竜頭蛇尾 の
n,涼しい 顔 だ
n,涼しい 顔 です
n,涼しい 顔 と
n,涼しい 顔 の
n,良い ない
n,力無げ だ
n,力無げ です
n,淋しい
n,累卵 だ
n,累卵 です
n,累卵 と
n,累卵 の
n,冷やか だ
n,冷やか です
n,冷ややか だ
n,冷ややか です
n,冷や冷や
n,冷酷 だ
n,冷酷 です
n,冷酷 と
n,冷酷 の
n,冷然 だ
n,冷然 です
n,冷然 と
n,冷然 の
n,冷淡 だ
n,冷淡 です
n,劣 だ
n,劣 です
n,劣 と
n,劣 の
n,劣る
n,憐れ だ
n,憐れ です
n,蓮っ葉 だ
n,蓮っ葉 です
n,労しい
n,老醜 だ
n,老醜 です
n,老醜 と
n,老醜 の
n,論外 だ
n,論外 です
n,話 に なら ない
n,佶屈 だ
n,佶屈 です
n,侘しい
n,傲岸 だ
n,傲岸 です
n,凛冽 だ
n,凛冽 です
n,凛冽 と
n,凛冽 の
n,吝ん坊 だ
n,吝ん坊 です
n,吝ん坊 と
n,吝ん坊 の
n,埒 が あく ない
n,奢る
n,奸悪 だ
n,奸悪 です
n,奸悪 と
n,奸悪 の
n,奸賊 だ
n,奸賊 です
n,奸賊 と
n,奸賊 の
n,寥寥 だ
n,寥寥 です
n,寥寥 と
n,寥寥 の
n,尠少 だ
n,尠少 です
n,嶮難 だ
n,嶮難 です
n,怱忙 だ
n,怱忙 です
n,怱忙 と
n,怱忙 の
n,恬然 の
n,悄然 だ
n,悄然 です
n,悄然 と
n,悄然 の
n,慄然 だ
n,慄然 です
n,慄然 と
n,慄然 の
n,憮然 だ
n,憮然 です
n,憮然 と
n,憮然 の
n,懦弱 だ
n,懦弱 です
n,懶い
n,朧 だ
n,朧 です
n,鬱陶しい
n,渾沌 だ
n,渾沌 です
n,渾沌 と
n,渾沌 の
n,熾烈 だ
n,熾烈 です
n,狡い
n,狡辛い
n,狡猾 だ
n,狡猾 です
n,狡獪 だ
n,狡獪 です
n,狡獪 と
n,狡獪 の
n,狷介 だ
n,狷介 です
n,猥雑 だ
n,猥雑 です
n,猥雑 と
n,猥雑 の
n,猥褻 だ
n,猥褻 です
n,獰猛 だ
n,獰猛 です
n,獰猛 と
n,獰猛 の
n,瑣細 だ
n,瑣細 です
n,瑣末 だ
n,瑣末 です
n,疚しい
n,癇 に 障る
n,穢い
n,穢らしい
n,穢らわしい
n,羞悪 だ
n,羞悪 です
n,羞悪 と
n,羞悪 の
n,羸弱 だ
n,羸弱 です
n,翳り だ
n,翳り です
n,翳り と
n,翳り の
n,耄碌
n,聊爾 だ
n,聊爾 です
n,腑 ぬけ だ
n,腑 ぬけ です
n,腑 ぬけ と
n,腑 ぬけ の
n,腑 甲斐 ない
n,腑抜け だ
n,腑抜け です
n,腑抜け と
n,腑抜け の
n,茫漠 です
n,茫漠 と
n,茫漠 の
n,茫洋 だ
n,茫洋 です
n,褊狭 だ
n,褊狭 です
n,褊狭 と
n,褊狭 の
n,訝しい
n,諤々 です
n,諤々 と
n,諤々 の
n,諤諤 だ
n,諤諤 です
n,諤諤 と
n,諤諤 の
n,贅沢 すぎる
n,躁急 だ
n,躁急 です
n,遽しい
n,鄙劣 だ
n,鄙劣 です
n,鄙猥 だ
n,鄙猥 です
n,鄙陋 だ
n,鄙陋 です
n,鄙陋 と
n,鄙陋 の
n,陋劣 だ
n,陋劣 です
n,驕傲 だ
n,驕傲 です
n,驕傲 と
n,驕傲 の
n,驕奢 だ
n,驕奢 です
n,あこがれる
p,あじわう
p,かなう
p,こだわり が ある
p,したう
p,すがすがしい
p,すすめる
p,そろう
p,できあがる
p,なおる
p,ぬぐえる
p,はかどる
p,はがせる
p,はずせる
p,はたせる
p,ほっと する
p,ほめる
p,ほれる
p,ほれ込む
p,まぬがれる
p,みたす
p,もてなし て もらう
p,やせる
p,よろこぶ
p,ストレス が ない
p,愛さ れる
p,扱う こと が できる
p,扱う こと は できる
p,扱える
p,慰め て もらう
p,移す こと が できる
p,移す こと は できる
p,移せる
p,育つ
p,育て て くれる
p,育て て もらう
p,飲み干せる
p,飲み込める
p,温まる
p,改める
p,開け れる
p,開ける こと が できる
p,開ける こと は できる
p,外す こと が できる
p,外す こと は できる
p,外せる
p,楽しい
p,楽しむ
p,恰好 が つく
p,活かす
p,叶う
p,寛ぐ
p,感無量 だ
p,感無量 です
p,感無量 と
p,感無量 の
p,慣れる
p,貫く こと が できる
p,貫く こと は できる
p,貫ける
p,間に合う
p,頑張る
p,頑張れる
p,喜ぶ
p,気にいる
p,気に入る
p,気持 が いい
p,気持ち が いい
p,気持ちいい
p,気持ち良い
p,貴ぶ
p,救う
p,教え て もらう
p,胸 が 踊る
p,胸 の すく よう な
p,曲げる こと が できる
p,曲げる こと は できる
p,極める
p,薫る
p,契約 開始 できる
p,契約 更新 できる
p,契約 成立 できる
p,敬う
p,建てる こと が できる
p,建てる こと は できる
p,研く こと が できる
p,研く こと は できる
p,研ぐ こと が できる
p,研ぐ こと は できる
p,研ける
p,研げる
p,肩 の 荷 が おりる
p,肩身 が 広い
p,見せる こと が できる
p,見せる こと は できる
p,減らす こと が できる
p,減らす こと は できる
p,好く
p,好む
p,耕す こと が できる
p,耕す こと は できる
p,耕せる
p,合わせる こと が できる
p,合わせる こと は できる
p,惚れこむ
p,惚れる
p,惚れ惚れ
p,惚れ込む
p,産ま れる
p,産む こと が できる
p,産む こと は できる
p,産める
p,支払う こと が できる
p,支払う こと は できる
p,支払える
p,似合う
p,治 し れ もらう
p,治る
p,自信 が ある
p,実る
p,惹か れる
p,取り除く こと が できる
p,取り除く こと は できる
p,取り除ける
p,受け付け られる
p,授かる
p,授け て もらう
p,収まる
p,修める
p,祝っ て もらう
p,出来 上る
p,出来る
p,出来上がる
p,潤う
p,助かる
p,勝つ
p,勝てる
p,譲っ て もらう
p,伸びる
p,信じる
p,心酔 する
p,親しむ
p,吹ける
p,遂げる
p,澄む
p,整う
p,晴れる
p,盛り上げる
p,掻き立てる
p,送っ て もらう
p,贈る
p,足りる
p,足る
p,揃う
p,揃える こと が できる
p,揃える こと は できる
p,待ち遠しい
p,待遠しい
p,鍛え て くれる
p,鍛え て もらう
p,断ち切る
p,断切る
p,暖める
p,知ら せ て もらう
p,蓄える
p,貯える
p,貯める
p,調う
p,調べる こと が できる
p,調べる こと は できる
p,調べる て もらう
p,跳べる
p,捗る
p,直し て もらう
p,直る
p,適う
p,動か せる
p,動かす こと が できる
p,動かす こと は できる
p,動く こと が できる
p,動く こと は できる
p,動ける
p,導く こと が できる
p,導く こと は できる
p,導ける
p,憧れる
p,匂う
p,入れ て もらう
p,買い戻せる
p,薄らぐ
p,付き合う
p,富む
p,撫で て もらう
p,編む こと が できる
p,編む こと は できる
p,編める
p,保つ
p,縫える
p,望める
p,満たす こと が できる
p,満たす こと は できる
p,満腹
p,味わう
p,免れる
p,儲 る
p,儲かる
p,優る
p,落ち着く
p,落ち着ける
p,履ける
p,理解 できる
p,離せる
p,労っ て もらう
p,賄う こと が できる
p,賄う こと は できる
p,賄える
p,恍惚 だ
p,恍惚 です
p,恍惚 と
p,恍惚 の
p,憬れる
p,挾め る
p,揉ん で もらう
p,ＧＯＯＤ
p,Ｇｏｏｄ
p,ＶＩＰ だ
p,ＶＩＰ です
p,ＶＩＰ と
p,ＶＩＰ の
p,ｇｏｏｄ
p,あう
p,あか抜ける
p,あでやか だ
p,あでやか です
p,あわせ やすい
p,いい
p,いい あんばい
p,いい 感じ だ
p,いい 感じ です
p,いい 感じ と
p,いい 感じ の
p,いい 気持ち だ
p,いい 気持ち です
p,いい 気持ち と
p,いい 気持ち の
p,いい 気分 だ
p,いい 気分 です
p,いい 気分 と
p,いい 気分 の
p,いい 具合 だ
p,いい 具合 です
p,いい 具合 と
p,いい 具合 の
p,いかす
p,いじらしい
p,いたいけ だ
p,いたいけ です
p,いとおしい
p,うきうき
p,うっとり
p,うなづける
p,うまい
p,えり抜き だ
p,えり抜き です
p,えり抜き と
p,えり抜き の
p,おいしい
p,おおらか だ
p,おおらか です
p,おしゃま だ
p,おしゃま です
p,おしゃま と
p,おしゃま の
p,おすすめ だ
p,おすすめ です
p,おすすめ と
p,おすすめ の
p,おとなしやか だ
p,おとなしやか です
p,おなじみ だ
p,おなじみ です
p,おなじみ と
p,おなじみ の
p,お気にいり だ
p,お気にいり です
p,お気にいり と
p,お気にいり の
p,お気に入り だ
p,お気に入り です
p,お気に入り と
p,お気に入り の
p,お茶の子 さい さい だ
p,お茶の子 さい さい です
p,お茶の子 さい さい と
p,お茶の子 さい さい の
p,お買い得 だ
p,お買い得 です
p,お買い得 と
p,お買い得 の
p,かいがいしい
p,かしこい
p,かっちり
p,かっ達 だ
p,かっ達 です
p,かわいらしい
p,きっちり
p,きびきび
p,きびきび する
p,きめ細か だ
p,きめ細か です
p,きめ細かい
p,きらめく
p,きりりと
p,くつろげる
p,けざやか だ
p,けざやか です
p,こころよい
p,こざ っ ぱ らい
p,こなす
p,こなせる
p,こなれる
p,こわい もの 知る ぬ
p,さかしい
p,さすが
p,さとい だ
p,さとい です
p,さとい と
p,さとい の
p,さりげ ない
p,ざっくばらん だ
p,ざっくばらん です
p,しおらしい
p,したしい
p,しっくり
p,しっとり
p,しのぐ
p,しめやか だ
p,しめやか です
p,しゃれる
p,しんなり
p,すご腕 だ
p,すご腕 です
p,すご腕 と
p,すご腕 の
p,すすどい
p,すばやい
p,すばらしい
p,すべすべ
p,すらり
p,ずばぬける
p,ずば抜ける
p,そこはかとない
p,そそる
p,ぞっこん
p,たくましい
p,たぐい まれ な
p,たやすい
p,ちゃんと
p,ちょうど いい
p,ちょうど 良い
p,つかみ やすい
p,つぶら だ
p,つぶら です
p,つましい
p,つまびらか だ
p,つまびらか です
p,つやつや
p,つややか だ
p,つややか です
p,どんぴしゃり
p,なじむ
p,なじめる
p,なつかしい
p,なまめかしい
p,にぎにぎしい
p,のびのび
p,のびやか だ
p,のびやか です
p,はえる
p,はしこい
p,ばら色 だ
p,ばら色 です
p,ばら色 と
p,ばら色 の
p,ひきしまる
p,ひけ を とる ない
p,ぴか一 だ
p,ぴか一 です
p,ぴか一 と
p,ぴか一 の
p,ぴちぴち
p,ぴったり
p,ふさわしい
p,ふたつ と ない
p,ふっくら
p,ふんだん だ
p,ふんだん です
p,ふんわり
p,ぷりぷり
p,べた 惚れ
p,べらぼう だ
p,べらぼう です
p,べら棒 だ
p,べら棒 です
p,ほっそり
p,ほのぼの
p,ほほえましい
p,ほれぼれ
p,まずまず
p,まとまる
p,まばゆい
p,まめやか だ
p,まめやか です
p,みずみずしい
p,みめよい
p,むつ まま じい
p,めきめき
p,めざましい
p,めずらしい
p,めでたい
p,もっけの幸い だ
p,もっけの幸い です
p,もっけの幸い と
p,もっけの幸い の
p,もの珍しい
p,やさしい
p,やすやす
p,やり手 だ
p,やり手 です
p,やり手 と
p,やり手 の
p,やわらかい
p,やんごとない
p,やんわり
p,ゆかしい
p,ゆったり
p,ゆとり が ある
p,よく 気が付く
p,よろしい
p,らい落 だ
p,らい落 です
p,りりしい
p,りん と し た
p,わかり やすい
p,わくわく
p,アジ が ある
p,イイ
p,インテリジェント だ
p,インテリジェント です
p,インテリジェント と
p,インテリジェント の
p,ウケる
p,エクセレント
p,エポックメーキング だ
p,エポックメーキング です
p,オススメ だ
p,オススメ です
p,オススメ と
p,オススメ の
p,カッコ いい
p,カリスマ 的 だ
p,カリスマ 的 です
p,キビキビ
p,クリア だ
p,グッド だ
p,グッドルッキング
p,ゴージャス だ
p,ゴージャス です
p,シ ビレ る
p,シャレる
p,シル キー だ
p,シル キー です
p,ジェントル
p,スゲーッ
p,スゴクイイ
p,スペッシャル
p,スポーティ だ
p,スポーティ です
p,セーフティ
p,セーフティー
p,ソフィスティケート
p,ゾッコン
p,ダンディー だ
p,ダンディー です
p,ダンディー と
p,ダンディー の
p,チャーミング だ
p,チャーミング です
p,デリシャス
p,トップ だ
p,トップ です
p,トップ と
p,トップ の
p,トルクフル
p,ドレッシー だ
p,ドレッシー です
p,ハイ パワー だ
p,ハイ パワー です
p,ハイ パワー と
p,ハイ パワー の
p,ハイカラ だ
p,ハイカラ です
p,ハイクラス だ
p,ハイクラス です
p,ハイクラス と
p,ハイクラス の
p,バツグン
p,ビビッド だ
p,ビビッド です
p,ビューティフル
p,ピカ イチ だ
p,ピカ イチ です
p,ピカ イチ と
p,ピカ イチ の
p,ピッタリ
p,ピュア だ
p,ピュア です
p,ファンタスチック
p,ファンタスティック
p,ベストチョイス
p,ベター だ
p,ベター です
p,ベター と
p,ベター の
p,マル だ
p,マル です
p,マル と
p,マル の
p,メキメキ
p,メジャー だ
p,メジャー です
p,メリット が ある
p,メリハリ が ある
p,ラ ク チン だ
p,ラ ク チン です
p,ラ クラ ク
p,レア
p,愛くるしい
p,愛しい
p,愛らしい
p,愛想 いい
p,愛想 が 良い
p,愛想 よく
p,悪気 の ない
p,扱い やすい
p,安閑 だ
p,安閑 です
p,安閑 と
p,安閑 の
p,安上り だ
p,安上り です
p,安上り と
p,安上り の
p,安定 する
p,安定 的 だ
p,安定 的 です
p,偉い
p,委せる こと が できる
p,委せる こと は できる
p,威風 堂々
p,意欲 的 だ
p,意欲 的 です
p,易々 だ
p,易々 です
p,易々 と
p,易々 の
p,易易
p,違和感 が ない
p,違和感 ない
p,違和感 は ない
p,一級 品
p,一糸 も 乱れ ない
p,一石二鳥 だ
p,一石二鳥 です
p,一石二鳥 と
p,一石二鳥 の
p,一徹 だ
p,一徹 です
p,印象 的 だ
p,印象 的 です
p,印象深い
p,引き伸ばせる
p,引っ張りだこ だ
p,引っ張りだこ です
p,引っ張りだこ と
p,引っ張りだこ の
p,右 に 出る もの が ない
p,映えばえしい
p,映える
p,悦ばしい
p,円やか だ
p,円やか です
p,艶 が ある
p,汚れ にくい
p,奥ゆかしい
p,奥床しい
p,奥深い
p,押し が ある
p,何気ない
p,何気無い
p,価する
p,価値 が ある
p,価値 は ある
p,可愛い
p,可愛らしい
p,可笑しい
p,家庭 的 だ
p,家庭的 です
p,華 は ある
p,華々しい
p,華やかさ が ある
p,華華しい
p,画期的 だ
p,画期的 です
p,会う こと が できる
p,会う こと は できる
p,会える
p,解放 的 だ
p,解放 的 です
p,快哉 だ
p,快哉 です
p,快哉 と
p,快哉 の
p,懐 が 深い
p,開放 的 だ
p,開放 的 です
p,外柔内剛 だ
p,外柔内剛 です
p,外柔内剛 と
p,外柔内剛 の
p,該博 だ
p,該博 です
p,該博 と
p,該博 の
p,格好 良い
p,格好いい
p,格上げ
p,格段 だ
p,格段 です
p,格別 だ
p,格別 です
p,革新 的 だ
p,革新 的 です
p,学ぶ こと が できる
p,学ぶ こと は できる
p,学べる
p,楽々
p,楽しめる
p,楽ちん だ
p,楽ちん です
p,顎 が 落ちる
p,割 が いい
p,割に 合う
p,割り に 合う
p,割る こと が できる
p,割る こと は できる
p,活きる
p,活き活き
p,活気 の ある
p,滑脱 だ
p,滑脱 です
p,噛み あう
p,乾か せる
p,乾かす こと が できる
p,乾かす こと は できる
p,勧める
p,堪能 できる
p,完全 無欠 だ
p,完全 無欠 です
p,完全 無欠 と
p,完全 無欠 の
p,寛げる
p,寛大 だ
p,寛大 です
p,寛闊 だ
p,寛闊 です
p,干せる
p,感じ が いい
p,感動 的 だ
p,感動 的 です
p,敢然
p,歓ぶ
p,汗 の 結晶
p,甘露 だ
p,甘露 です
p,甘露 と
p,甘露 の
p,間然 する ところ が ない
p,閑雅 だ
p,閑雅 です
p,閑閑 だ
p,閑閑 です
p,閑閑 と
p,閑閑 の
p,閑人 だ
p,閑人 です
p,閑人 と
p,閑人 の
p,顔 が 広い
p,願っ て も ない
p,願わしい
p,危なげない
p,喜ばしい
p,奇跡 的 だ
p,奇跡 的 です
p,奇想天外 だ
p,奇想天外 です
p,奇天烈 です
p,嬉々 として
p,嬉しい
p,機嫌 が いい
p,毅然 だ
p,毅然 です
p,毅然 の
p,毅然たる
p,毅然と
p,気 が おけ ない
p,気 が きい た
p,気 が 回る
p,気 が 若い
p,気 が 長い
p,気 が 利く
p,気 の きい た
p,気 の 効い た
p,気 の 置け ない
p,気づよい
p,気安い
p,気強い
p,気高い
p,気丈夫 だ
p,気丈夫 です
p,気品 が ある
p,気分 が いい
p,稀少 だ
p,稀少 です
p,稀少 と
p,稀少 の
p,貴い
p,軌道 に 乗る
p,輝かしい
p,鬼 に 金棒 だ
p,鬼 に 金棒 です
p,鬼 に 金棒 と
p,鬼 に 金棒 の
p,宜しい
p,義人
p,義理堅い
p,吸い込める
p,吸う こと が できる
p,吸う こと は できる
p,吸える
p,究極 的 だ
p,究極 的 です
p,許せる
p,強靭 だ
p,強靭 です
p,恐い もの 知ら ず
p,恭しい
p,胸 が すく
p,興味 ある
p,興味 が ある
p,興味深い
p,興味津々 だ
p,興味津々 です
p,興味津々 と
p,興味津々 の
p,驚異 的 だ
p,驚異 的 です
p,筋金入り だ
p,筋金入り です
p,筋金入り と
p,筋金入り の
p,近代 的 だ
p,近代 的 です
p,金 に なる
p,金城鉄壁 だ
p,金城鉄壁 です
p,金城鉄壁 と
p,金城鉄壁 の
p,金鉄 だ
p,金鉄 です
p,金鉄 と
p,金鉄 の
p,苦 も ない
p,苦 美味い
p,具合 よく
p,軍配 を 上げる
p,恵まれる
p,慧眼 だ
p,慧眼 です
p,敬服
p,敬慕
p,敬虔 だ
p,敬虔 です
p,敬虔 と
p,敬虔 の
p,景気 が 良い
p,経済 的 だ
p,経済 的 です
p,警抜 だ
p,警抜 です
p,軽捷 だ
p,軽捷 です
p,芸 が こまかい
p,隙 の ない
p,欠点 は ない
p,潔い
p,血 の 通う 人 だ
p,血 の 通う 人 です
p,血 の 通う 人 と
p,血 の 通う 人 の
p,兼ね備える
p,堅忍不抜 だ
p,堅忍不抜 です
p,堅忍不抜 と
p,堅忍不抜 の
p,嫌み が ない
p,嫌味 が ない
p,見やすい
p,見よい
p,見易い
p,見込む
p,見目 よい
p,見目 良い
p,見目好い
p,謙抑 だ
p,謙抑 です
p,賢い
p,減ら せる
p,言い え て 妙 だ
p,言う こと ない
p,言う 事 ない
p,個性 が ある
p,孤高 だ
p,孤高 です
p,誇らか だ
p,誇らか です
p,誇らしい
p,誇れる
p,雇う こと が できる
p,雇う こと は できる
p,雇える
p,効き目 ある
p,効果 ある
p,口上手 だ
p,口上手 です
p,口上手 と
p,口上手 の
p,向上 する
p,垢 ぬける
p,垢抜ける
p,好い
p,好ましい
p,好もしい
p,好意 的 だ
p,好意 的 です
p,好漢 だ
p,好漢 です
p,好漢 と
p,好漢 の
p,好条件 だ
p,好条件 です
p,好条件 と
p,好条件 の
p,好適 だ
p,好適 です
p,宏遠 だ
p,宏遠 です
p,宏量 だ
p,宏量 です
p,巧緻 だ
p,巧緻 です
p,巧緻 と
p,巧緻 の
p,広々
p,広げる こと が できる
p,広げる こと は できる
p,広やか だ
p,広やか です
p,広壮 だ
p,広壮 です
p,広壮 と
p,広壮 の
p,広大 だ
p,広大 です
p,広漠 だ
p,広漠 です
p,広漠 と
p,広漠 の
p,広量 だ
p,広量 です
p,広量 と
p,広量 の
p,広闊 だ
p,広闊 です
p,昂揚
p,硬骨 だ
p,硬骨 です
p,肯定 的 だ
p,肯定 的 です
p,行ける
p,香る
p,高まる
p,高める
p,高雅 だ
p,高雅 です
p,高雅 と
p,高雅 の
p,高貴 だ
p,高貴 です
p,高貴 と
p,高貴 の
p,高級 感 の ある
p,高級 的 だ
p,高級 的 です
p,高潔 だ
p,高潔 です
p,高尚 だ
p,高尚 です
p,高水準 だ
p,高水準 です
p,高大 だ
p,高大 です
p,高名 だ
p,高名 です
p,高邁 だ
p,高邁 です
p,剛毅 だ
p,剛毅 です
p,剛毅 と
p,剛毅 の
p,剛健 だ
p,剛健 です
p,剛健 と
p,剛健 の
p,剛胆 だ
p,剛胆 です
p,剛勇 だ
p,剛勇 です
p,合う
p,合わせ やすい
p,合格 点
p,合目的的 だ
p,合目的的 です
p,合理 的 だ
p,合理 的 です
p,豪い
p,豪華 万 点
p,豪気 だ
p,豪気 です
p,豪儀 だ
p,豪儀 です
p,豪勢 だ
p,豪勢 です
p,豪壮 だ
p,豪壮 です
p,豪胆 だ
p,豪胆 です
p,豪宕 だ
p,豪宕 です
p,豪放 だ
p,豪放 です
p,豪放 と
p,豪放 の
p,轟かせる
p,腰 が 強い
p,腰 が 低い
p,骨太 だ
p,骨太 です
p,骨太 と
p,骨太 の
p,懇ろ だ
p,懇ろ です
p,懇篤 だ
p,懇篤 です
p,混ぜる こと が できる
p,混ぜる こと は できる
p,差 が ない
p,差 は ない
p,座り やすい
p,座る こと が できる
p,座る こと は できる
p,最上 だ
p,最上 です
p,最上 と
p,最上 の
p,最上級 だ
p,最上級 です
p,最上級 と
p,最上級 の
p,塞ぐ こと が できる
p,塞ぐ こと は できる
p,塞げる
p,犀利 だ
p,犀利 です
p,細心 だ
p,細心 です
p,細密 だ
p,細密 です
p,細緻 だ
p,細緻 です
p,細緻 と
p,細緻 の
p,際だつ
p,際立つ
p,冴える
p,三拍子 そろう
p,三拍子 揃う
p,燦燦 だ
p,燦燦 です
p,燦燦 と
p,燦燦 の
p,燦然
p,燦爛 だ
p,燦爛 です
p,燦爛 と
p,燦爛 の
p,賛成
p,賛同
p,斬新 だ
p,斬新 です
p,仕合せ だ
p,仕合せ です
p,使い やすい
p,使い 易い
p,刺激 的 だ
p,刺激 的 です
p,思い切り の いい
p,思わしい
p,旨い
p,至れ り 尽くせ り
p,至高 だ
p,至高 です
p,至高 と
p,至高 の
p,至便 だ
p,至便 です
p,至便 と
p,至便 の
p,試し 乗り できる
p,試す こと が できる
p,試す こと は できる
p,試せる
p,歯牙 に かけ ない
p,事足りる
p,似あわしい
p,似つかわしい
p,似合い だ
p,似合い です
p,似合い と
p,似合い の
p,似合しい
p,慈しむ 深い
p,慈愛 深い
p,慈悲 深い
p,持ち運べる
p,持ち歩ける
p,治せる
p,耳 が 肥える て いる
p,自若 だ
p,自若 です
p,自若 と
p,自若 の
p,自信 たっぷり だ
p,自信 たっぷり です
p,自信 たっぷり と
p,自信 たっぷり の
p,自信 作
p,自分 向き
p,質感 が ある
p,質感 は ある
p,質実 剛健 だ
p,質実 剛健 です
p,質実 剛健 と
p,質実 剛健 の
p,実直 だ
p,実直 です
p,実直 と
p,実直 の
p,実用 的 だ
p,実用 的 です
p,捨てる こと が できる
p,捨てる こと は できる
p,酌み交わせ る
p,若々しい
p,若い
p,若若しい
p,取り扱い やすい
p,取り回し やすい
p,取り消す こと が できる
p,取り消す こと は できる
p,取り消せる
p,取り替える こと が できる
p,取り替える こと は できる
p,取る こと が できる
p,取る こと は できる
p,取消せ る
p,守る こと が できる
p,守る こと は できる
p,手がたい
p,手がるい
p,手ごたえ が ある
p,手ごろ だ
p,手ごろ です
p,手っとり早い
p,手っ取り早い
p,手ばやい
p,手びろい
p,手軽い
p,手堅い
p,手厚い
p,手広い
p,手早い
p,手速い
p,手抜かり ない
p,手抜かり 無い
p,趣 が ある
p,受け取る こと が できる
p,受け取る こと は できる
p,秀でる
p,秀悦
p,秀麗 だ
p,秀麗 です
p,終える こと が できる
p,終える こと は できる
p,住む こと が できる
p,住む こと は できる
p,住める
p,充溢
p,充分 だ
p,充分 です
p,十 二 分 に
p,十分 だ
p,十分 です
p,柔かい
p,柔らか だ
p,柔らか です
p,柔らかい
p,俊敏 だ
p,俊敏 です
p,俊敏 と
p,俊敏 の
p,純良 だ
p,純良 です
p,純良 と
p,純良 の
p,順応
p,庶民 的 だ
p,庶民 的 です
p,女らしい
p,勝る
p,勝れる
p,奨め だ
p,奨め です
p,奨め と
p,奨め の
p,奨める
p,小 粋 だ
p,小 粋 です
p,小ぎれい だ
p,小ぎれい です
p,小意気 だ
p,小意気 です
p,小器用 だ
p,小器用 です
p,小器用 と
p,小器用 の
p,小気味 好い
p,小気味よい
p,小才 の 利く
p,小躍り する
p,床しい
p,消す こと が できる
p,消す こと は できる
p,消せる
p,省く こと が できる
p,省く こと は できる
p,省ける
p,賞賛 に 価する
p,賞嘆
p,上々 だ
p,上々 です
p,上位 だ
p,上位 です
p,上位 と
p,上位 の
p,上級 だ
p,上級 です
p,上級 と
p,上級 の
p,上向く
p,上根
p,上手い
p,上出来 だ
p,上出来 です
p,上上吉 だ
p,上上吉 です
p,上上吉 と
p,上上吉 の
p,上等 だ
p,上等 です
p,上等 と
p,上等 の
p,情 が 深い
p,情け深い
p,情深い
p,拭く こと が できる
p,拭く こと は できる
p,拭ける
p,殖やす こと が できる
p,殖やす こと は できる
p,殖やせる
p,色 鮮やか だ
p,色 鮮やか です
p,色っぽい
p,色気 が ある
p,伸ばす こと が できる
p,伸ばす こと は できる
p,伸ばせる
p,伸び が ある
p,伸び伸び
p,心 ある
p,心づよい
p,心安い
p,心温まる
p,心掛ける
p,心強い
p,心丈夫 だ
p,心丈夫 です
p,心憎い
p,心地 良い
p,心地よい
p,心地好い
p,心置き ない
p,慎ましい
p,慎む 深い
p,新規 加入 できる
p,深遠 だ
p,深遠 です
p,深奥 だ
p,深奥 です
p,深奥 と
p,深奥 の
p,深切 だ
p,深切 です
p,申し込む こと が できる
p,申し込む こと は できる
p,申し込める
p,申込む こと が できる
p,申込む こと は できる
p,申込め る
p,真っ正直 だ
p,真っ正直 です
p,真新しい
p,神々しい
p,神神しい
p,紳士 的 だ
p,紳士 的 です
p,親しい
p,親しみ やすい
p,身 が 軽い
p,身ぎれい だ
p,身ぎれい です
p,辛 棒 づ よい
p,辛抱 づ よい
p,辛抱強い
p,人 あたり が いい
p,人 の いい
p,人懐っこい
p,人気 が ある
p,人情 が 厚い
p,人目 を 引く
p,尋常 だ
p,尋常 です
p,水際立つ
p,粋人 だ
p,粋人 です
p,粋人 と
p,粋人 の
p,酔える
p,瑞々しい
p,瑞瑞しい
p,崇高 だ
p,崇高 です
p,数少ない
p,澄ん だ
p,澄明 だ
p,澄明 です
p,澄明 と
p,澄明 の
p,世界 最高 だ
p,世界 最高 です
p,世界 最高 と
p,世界 最高 の
p,世話 が ない
p,世話好き だ
p,世話好き です
p,世話好き と
p,世話好き の
p,勢い が ある
p,整然 だ
p,整然 です
p,整然 の
p,整然と
p,正正堂堂 だ
p,正正堂堂 です
p,正正堂堂 と
p,正正堂堂 の
p,正善
p,正統 派
p,清々
p,清々しい
p,清い
p,清新 だ
p,清新 です
p,清清
p,清清しい
p,清爽 だ
p,清爽 です
p,清爽 と
p,清爽 の
p,清廉 だ
p,清廉 です
p,清廉 潔白 だ
p,清廉 潔白 です
p,清廉 潔白 と
p,清廉 潔白 の
p,生 やさしい
p,生き生き
p,盛りあがる
p,盛り上がる
p,盛栄 だ
p,盛栄 です
p,盛栄 と
p,盛栄 の
p,精しい
p,精細 だ だ
p,精細 だ です
p,精細 だ と
p,精細 だ の
p,精良 だ
p,精良 です
p,精悍 だ
p,精悍 です
p,誠意 が ある
p,静謐 だ
p,静謐 です
p,積み込める
p,積める
p,積極 的 だ
p,積極 的 です
p,絶大 だ
p,絶大 です
p,絶品 だ
p,絶品 です
p,絶品 と
p,絶品 の
p,先鋭 だ
p,先鋭 です
p,先駆 的 だ
p,先駆 的 です
p,先進 的 だ
p,先進 的 です
p,尖鋭 だ
p,尖鋭 です
p,尖鋭 と
p,尖鋭 の
p,洗い流せる
p,洗う こと が できる
p,洗う こと は できる
p,洗える
p,洗練 さ れ た
p,薦める
p,選ぶ こと が できる
p,選ぶ こと は できる
p,選べる
p,鮮鋭 だ
p,鮮鋭 です
p,鮮鋭 と
p,鮮鋭 の
p,善良 だ
p,善良 です
p,善良 と
p,善良 の
p,楚々たる
p,楚楚 だ
p,楚楚 です
p,楚楚 と
p,楚楚 の
p,素晴らしい
p,素早い
p,訴える こと が できる
p,訴える こと は できる
p,壮大 だ
p,壮大 です
p,壮麗 だ
p,壮麗 です
p,掃ける
p,操る こと が できる
p,操る こと は できる
p,操る やすい
p,相応 だ
p,相応 です
p,相応しい
p,聡明
p,蒼古 だ
p,蒼古 です
p,蒼古 と
p,蒼古 の
p,蒼茫 だ
p,蒼茫 です
p,蒼茫 と
p,蒼茫 の
p,走り やすい
p,走り 良い
p,走る こと が できる
p,走る こと は できる
p,増やす こと が できる
p,増やす こと は できる
p,増やせる
p,憎め ない
p,造作 ない
p,造作 も ない
p,捉える こと が できる
p,捉える こと は できる
p,存在 感 の ある
p,尊い
p,尊大 だ
p,尊大 です
p,損 は ない
p,多才 だ
p,多才 です
p,多才 と
p,多才 の
p,多士 済々 だ
p,多士 済々 です
p,多士 済々 と
p,多士 済々 の
p,多能 だ
p,多能 です
p,多能 と
p,多能 の
p,多望 だ
p,多望 です
p,泰山 北斗 だ
p,泰山 北斗 です
p,泰山 北斗 と
p,泰山 北斗 の
p,泰然 自若 だ
p,泰然 自若 です
p,泰然 自若 と
p,泰然 自若 の
p,大 満足
p,大いなる
p,大業 だ
p,大業 です
p,大業 と
p,大業 の
p,大人 っぽい
p,大人しい
p,鷹揚 だ
p,鷹揚 です
p,卓越
p,卓出
p,卓絶
p,単簡 だ
p,単簡 です
p,単簡 と
p,単簡 の
p,単品 買い できる
p,探す こと が できる
p,探す こと は できる
p,探せる
p,端正 だ
p,端正 です
p,端麗 だ
p,端麗 です
p,胆 が 太い
p,暖か だ
p,暖か です
p,暖かい
p,暖まる
p,男々しい
p,男らしい
p,男性 的 だ
p,男性 的 です
p,値する
p,知る 人 ぞ 知る
p,知性 的 だ
p,知性 的 です
p,稚い
p,着く こと が できる
p,着く こと は できる
p,注げる
p,張り の ある
p,眺める こと が できる
p,眺める こと は できる
p,調子 が いい
p,超越
p,超凡 だ
p,超凡 です
p,超凡 と
p,超凡 の
p,長ける
p,沈毅 だ
p,沈毅 です
p,珍しい
p,追加 購入 できる
p,通う こと が できる
p,通う こと は できる
p,通える
p,通り が いい
p,釣り合う
p,釣合う
p,停める こと が できる
p,停める こと は できる
p,定か だ
p,定か です
p,定評 ある
p,程よい
p,諦め の いい
p,諦め られる
p,鄭重 だ
p,鄭重 です
p,鄭重 と
p,鄭重 の
p,擢んでる
p,敵 ない
p,敵 無い
p,適し て いる
p,適する
p,適応
p,適格 だ
p,適格 です
p,適格 と
p,適格 の
p,適宜 だ
p,適宜 です
p,典雅 だ
p,典雅 です
p,天空海闊 だ
p,天空海闊 です
p,天空海闊 と
p,天空海闊 の
p,渡る こと が できる
p,渡る こと は できる
p,登る こと が できる
p,登る こと は できる
p,都雅 だ
p,都雅 です
p,都会 的 だ
p,都会 的 です
p,陶然 だ
p,陶然 です
p,陶然 と
p,陶然 の
p,頭 が 下がる
p,頭 が 低い
p,堂々 だ
p,堂々 です
p,堂々 と
p,堂々 の
p,堂々たる
p,堂堂 だ
p,堂堂 です
p,堂堂 と
p,堂堂 の
p,得意満面 だ
p,得意満面 です
p,得意満面 と
p,得意満面 の
p,得難い
p,特別 だ
p,特別 です
p,篤い
p,篤実 だ
p,篤実 です
p,独創
p,独創 的 だ
p,独創 的 です
p,独特 だ
p,独特 です
p,馴染む
p,馴染める
p,軟かい
p,軟らか だ
p,軟らか です
p,軟らかい
p,難 が ない
p,賑わしい
p,入り やすい
p,入る こと が できる
p,入る こと は できる
p,入魂 だ
p,入魂 です
p,入魂 と
p,入魂 の
p,如才 が ない
p,如才 ない
p,任せる こと が できる
p,任せる こと は できる
p,認める
p,熱望
p,熱烈 だ
p,熱烈 です
p,燃やす こと が できる
p,燃やす こと は できる
p,燃やせる
p,粘り強い
p,濃やか だ
p,濃やか です
p,濃密 だ
p,濃密 です
p,納まる
p,能 ある 鷹 は つめ を かくす
p,能 ある 鷹 は 爪 を 隠す
p,能力 が ある
p,覗ける
p,派手やか だ
p,派手やか です
p,破竹 の 勢い だ
p,破竹 の 勢い です
p,破竹 の 勢い と
p,破竹 の 勢い の
p,馬力 が ある
p,廃り が ない
p,買い得 だ
p,買い得 です
p,買い得 と
p,買い得 の
p,売れ て いる
p,剥が せる
p,剥がす こと が できる
p,剥がす こと は できる
p,剥く こと が できる
p,剥く こと は できる
p,剥せる
p,白眉 だ
p,白眉 です
p,白眉 と
p,白眉 の
p,迫力 が ある
p,抜きんでる
p,抜け目 が ない
p,抜け目 が 無い
p,抜け目 ない
p,抜け目 無い
p,盤石 だ
p,盤石 です
p,盤石 と
p,盤石 の
p,比べる こと が できる
p,比べる こと は できる
p,疲れ ない
p,疲れ 知らず
p,非の打ち所 が あり ませ ん
p,非の打ち所 が ない
p,非の打ち所 が 無い
p,非の打ち所 ない
p,飛び抜ける
p,備わる
p,微笑ましい
p,美々しい
p,美しい
p,美事 だ
p,美事 です
p,美事 と
p,美事 の
p,美味い
p,美味しい
p,鼻 が 高い
p,百花繚乱 だ
p,百花繚乱 です
p,百花繚乱 と
p,百花繚乱 の
p,百戦錬磨 だ
p,百戦錬磨 です
p,百戦錬磨 と
p,百戦錬磨 の
p,品 が ある
p,品 が よい
p,品行 方正 だ
p,品行 方正 です
p,品行 方正 と
p,品行 方正 の
p,敏い
p,敏活 だ
p,敏活 です
p,不抜 だ
p,不抜 です
p,不抜 と
p,不抜 の
p,不撓 だ
p,不撓 です
p,不撓 と
p,不撓 の
p,富有 だ
p,富有 です
p,富有 と
p,富有 の
p,富裕 だ
p,富裕 です
p,風雅 だ
p,風雅 です
p,風流 人
p,風靡
p,幅利き だ
p,幅利き です
p,幅利き と
p,幅利き の
p,福福しい
p,腹 が 太い
p,腹 の すわる た
p,腹太
p,沸 す こと が できる
p,沸 す こと は できる
p,沸か せる
p,沸かす こと が できる
p,沸かす こと は できる
p,物わかり が 良い
p,物わかり の よい
p,物堅い
p,物知り だ
p,物知り です
p,物知り と
p,物知り の
p,分 が ある
p,分 が いい
p,分かる やすい
p,分相応 だ
p,分相応 です
p,聞く する に まさる
p,平滑 だ
p,平滑 です
p,平滑 と
p,平滑 の
p,平気 の 平 左 だ
p,平気 の 平 左 です
p,平気 の 平 左 と
p,平気 の 平 左 の
p,平均 点 以上
p,平然 だ
p,平然 です
p,平然 の
p,平然たる
p,平然と
p,並外れる
p,癖 が ない
p,別格 だ
p,別格 です
p,別格 と
p,別格 の
p,別懇 だ
p,別懇 です
p,別嬪 だ
p,別嬪 です
p,別嬪 と
p,別嬪 の
p,補う こと が できる
p,補う こと は できる
p,補える
p,慕わしい
p,崩れ にくい
p,方正 だ
p,方正 です
p,芳しい
p,豊潤 だ
p,豊潤 です
p,豊潤 と
p,豊潤 の
p,豊満 だ
p,豊満 です
p,飽き が こ ない
p,飽き の こ ない
p,飽き 足りる
p,望ましい
p,望む
p,防ぐ
p,防ぐ こと が できる
p,防ぐ こと は できる
p,防げる
p,睦まじい
p,磨く こと が できる
p,磨く こと は できる
p,磨ける
p,末 たのもしい
p,末頼もしい
p,万鈞 だ
p,万鈞 です
p,万鈞 と
p,万鈞 の
p,満 す こと が できる
p,満 す こと は できる
p,満た せる
p,満ち た
p,満ち 溢れる
p,満ち足りる
p,満足
p,満足 する
p,味 が ある
p,味わい深い
p,味わえる
p,魅する
p,魅せる
p,魅力 が ある
p,魅力 的 だ
p,魅力 的 です
p,魅惑 的 だ
p,魅惑 的 です
p,脈 が ある
p,夢 ごこち
p,夢心地 だ
p,夢心地 です
p,夢心地 と
p,夢心地 の
p,無尽蔵 だ
p,無尽蔵 です
p,無疵 だ
p,無疵 です
p,名 の ある
p,名 の 通っ た
p,名 機
p,名うて の
p,名だたる
p,名高い
p,名車 だ
p,名車 です
p,名車 と
p,名車 の
p,名誉 だ
p,明けっ広げ だ
p,明けっ広げ です
p,明けっ広げ と
p,明けっ広げ の
p,明りょう だ
p,明りょう です
p,明るい
p,明達 だ
p,明達 です
p,明達 と
p,明達 の
p,明哲 だ
p,明哲 です
p,明哲 と
p,明哲 の
p,明敏
p,明敏 だ
p,明敏 です
p,鳴ら せる
p,鳴らす こと が できる
p,鳴らす こと は できる
p,面白 おかしい
p,面白 可笑しい
p,面白い
p,猛勇 だ
p,猛勇 です
p,猛勇 と
p,猛勇 の
p,儲ける こと が できる
p,儲ける こと は できる
p,目 が 高い
p,目 の 中 へ いれる て も 痛い ない
p,目 を 見張る
p,目 を 奪う
p,目映い
p,目指す こと が できる
p,目指す こと は できる
p,目指せ る
p,目出度い
p,目新しい
p,目抜き だ
p,目抜き です
p,目抜き と
p,目抜き の
p,目立つ
p,問題 ない
p,役だつ
p,役に立つ
p,役立つ
p,訳 無い
p,愉しい
p,癒す
p,優れる
p,優れる た
p,優生 だ
p,優生 です
p,優生 と
p,優生 の
p,優先 的 だ
p,優先 的 です
p,優等生 だ
p,優等生 です
p,優等生 と
p,優等生 の
p,優等生 的 だ
p,優等生 的 です
p,優良 だ
p,優良 です
p,優良 と
p,優良 の
p,優婉 だ
p,優婉 です
p,勇ましい
p,勇壮 だ
p,勇壮 です
p,勇壮 と
p,勇壮 の
p,悠然 だ
p,悠然 です
p,悠然 の
p,悠然と
p,悠長 だ
p,悠長 です
p,悠悠 だ
p,悠悠 です
p,悠悠 と
p,悠悠 の
p,有り難い
p,有り余る
p,有難い
p,有能 だ
p,有能 です
p,有能 と
p,有能 の
p,遊ぶ こと が できる
p,遊ぶ こと は できる
p,遊べる
p,雄々しい
p,雄偉 だ
p,雄偉 です
p,雄偉 と
p,雄偉 の
p,雄雄しい
p,雄勁 だ
p,雄勁 です
p,雄勁 と
p,雄勁 の
p,雄渾 だ
p,雄渾 です
p,余裕 が ある
p,余裕 は ある
p,余裕綽綽 だ
p,余裕綽綽 です
p,余裕綽綽 と
p,余裕綽綽 の
p,誉める 讃える
p,預ける こと が できる
p,預ける こと は できる
p,幼 け ない
p,妖艶 だ
p,妖艶 です
p,容易い
p,揺るぎない
p,溶かせる
p,用いる こと が できる
p,用いる こと は できる
p,用意 周到 だ
p,用意 周到 です
p,欲 の ない
p,欲張る ない
p,浴びる こと が できる
p,浴びる こと は できる
p,頼もしい
p,落ち着き払っ た
p,利く
p,利す
p,利口 だ
p,利口 です
p,利口 と
p,利口 の
p,理性 的 だ
p,理性 的 です
p,理想 通り
p,理想 的 だ
p,理想 的 です
p,裏切る ない
p,律儀 だ
p,律儀 です
p,律儀 と
p,律儀 の
p,流す こと が できる
p,流す こと は できる
p,流せる
p,流行
p,流行る
p,流石
p,流石 だ
p,流石 です
p,流用 できる
p,流麗 だ
p,流麗 です
p,溜飲 が 下がる
p,粒ぞろい だ
p,粒ぞろい です
p,粒ぞろい と
p,粒ぞろい の
p,凌ぐ
p,凌駕
p,涼しい
p,涼やか だ
p,涼やか です
p,良い
p,良い なる
p,良識 的 だ
p,良識 的 です
p,良心 的 だ
p,良心 的 です
p,力強い
p,力持ち だ
p,力持ち です
p,力持ち と
p,力持ち の
p,涙ぐましい
p,冷やす こと が できる
p,冷やす こと は できる
p,冷やせる
p,怜悧 だ
p,怜悧 です
p,玲瓏 だ
p,玲瓏 です
p,玲瓏 と
p,玲瓏 の
p,麗しい
p,歴々 だ
p,歴々 です
p,歴々 と
p,歴々 の
p,歴然たる
p,廉潔 だ
p,廉潔 です
p,廉潔 と
p,廉潔 の
p,廉直 だ
p,廉直 です
p,朗らか だ
p,朗らか です
p,和らぐ
p,和らげる
p,話す 上手 だ
p,話す 上手 です
p,腕 が 立つ
p,腕 に 覚える の ある
p,腕きき だ
p,腕きき です
p,腕きき と
p,腕きき の
p,凛々しい
p,凛と
p,凛乎 だ
p,凛乎 です
p,凛乎 と
p,凛乎 の
p,凛然 だ
p,凛然 です
p,凛然 と
p,凛然 の
p,凛凛 だ
p,凛凛 です
p,凛凛 と
p,凛凛 の
p,剴切 だ
p,剴切 です
p,屁の河童 だ
p,屁の河童 です
p,屁の河童 と
p,屁の河童 の
p,慥か だ
p,慥か です
p,昵懇 だ
p,昵懇 です
p,昵懇 と
p,昵懇 の
p,洒々落々 だ
p,洒々落々 です
p,洒々落々 と
p,洒々落々 の
p,洒落る
p,瀟洒 だ
p,瀟洒 です
p,炯眼 だ
p,炯眼 です
p,煌煌 だ
p,煌煌 です
p,煌煌 と
p,煌煌 の
p,爛漫 だ
p,爛漫 です
p,爛漫 と
p,爛漫 の
p,甦生
p,痒い ところ に 手 が とどく
p,薔薇色 だ
p,薔薇色 です
p,薔薇色 と
p,薔薇色 の
p,讚える
p,逞しい
p,鑽仰
p,闊達 だ
p,闊達 です
p,鞏固 だ
p,鞏固 です
p,颯爽 だ
p,颯爽 です
p,颯爽 と
p,颯爽 の
