１位,p
１周年記念,p
１勝,p
１番,p
２次感染,n
２失点,n
３連敗,n
ＡＩＤＳ,n
ＡＴフィールド,p
Ａ型肝炎,n
ＢＩＧ,p
ＢＯＴ,n
ＢＳＥ,n
Ｃ型肝炎,n
ＤＶ,n
ＥＤ,n
ＨＩＶ,n
ＨＩＶ感染,n
ＫＯ,p
ＮＧ,n
ＰＭＳ,n
ＰＴＳＤ,n
ＳＡＲＳ,n
ＴＫＯ,n
あいまい,n
あからさま,n
あきらめ,n
あく抜け,p
あこがれ,p
あざやか,p
あせも,n
あたたかさ,p
あだ,n
あだおろそか,n
あだおろそか・あだやおろそか,n
あだやおろそか,n
あっぱれ,p
あでやか,p
あどけなさ,p
あなたらしさ,p
ありがたさ,p
ありがたみ,p
ありがた迷惑,n
いい気持ち,p
いい気持ち／気分,p
いい気分,p
いかがわしさ,n
いかさま,n
いさかい,n
いざこざ,n
いじめ,n
いじらしさ,p
いたずら,n
いたずら電話,n
いたみ,n
いたわり,p
いとしさ,p
いのち,p
いばらの道,n
いびき,n
いびり,n
いぼ,n
いやらしさ,n
いらいら,n
いらだち,n
うかうか,n
うかつ,n
うさ,n
うさんくささ,n
うずき,n
うそ,n
うそっぱち,n
うそ偽り,n
うそ八百,n
うたぐり,n
うだうだ,n
うっかり,n
うってつけ,p
うっぷん,n
うっ血,n
うつ,n
うつ状態,n
うつ病,n
うまさ,p
うまみ,p
うま味,p
うらみ,n
うらやみ,n
うるささ,n
うれしさ,p
えぐみ,n
えん罪,n
おいしさ,p
おいてきぼり,n
おいてけぼり,n
おかげ,p
おかぼれ,p
おこづかい,p
おざなり,n
おしさ,n
おしゃれ,p
おじけ,n
おせっかい,n
おそれ,n
おぞましさ,n
おたふく,n
おたふく風邪,n
おだぶつ,n
おだやか,p
おちおち,n
おっくう,n
おでき,n
おなら,n
おねしょ,n
おまけ,p
おめでた,p
おもしろさ,p
おもらし,n
おろそか,n
おカネ,p
おニュー,p
お陰,p
お陰さま,p
お陰様,p
お隠れ,n
お化け,n
お家騒動,n
お楽しみ,p
お客様,p
お給料,p
お金,p
お祭り気分,p
お仕置き,n
お邪魔,n
お手ごろ価格,p
お手頃価格,p
お手上げ,n
お小遣い,p
お笑い,p
お上手,p
お色気,p
お人柄,p
お説教,n
お知恵,p
お得,p
お得感,p
お年玉,p
お疲れ,n
お布施,p
お返し,p
お便り,p
お墨付き,p
お門違い,n
お役所仕事,n
お咎め,n
お洒落,p
かぎ裂き,n
かげり,n
かさ上げ,n
かすり傷,n
かぜ,n
かっこよさ,p
かっぱらい,n
かなしみ,n
かぶれ,n
かゆさ,n
かゆみ,n
かわいさ,p
かわいそう,n
かわいらしさ,p
がた,n
がた落ち,n
がん,n
がん細胞,n
きずな,p
きつさ,n
きめ細かさ,p
きゃしゃ,n
きらびやか,p
きりん児,p
きれい,p
きれい事,n
ぎこちなさ,n
ぎっくり腰,n
ぎりぎり,n
くじ運,p
くそ力,p
くたくた,n
くたびれ,n
くたびれもうけ,n
くだらなさ,n
くつろぎ,p
くどさ,n
くも膜下出血,n
くやしさ,n
くる病,n
ぐうたら,?p?n
ぐちゃぐちゃ,n
けが,n
けがれ,n
けが人,n
けだるさ,n
けち,n
けったい,n
けなげ,p
けんか,n
けんか腰,n
げんなり,n
こく,p
こそ泥,n
こだわり,?p?n
こちこち,n
こび,n
こまめ,p
こらえ性,p
こわさ,n
こんとん,n
ごたごた,n
ごたまぜ,n
ごちゃまぜ,n
ごまかし,n
ごまのはえ,n
ごみ,n
ご縁,p
ご活躍,p
ご機嫌,p
ご興味,p
ご苦労,n
ご好評,p
ご心配,n
ご都合主義,n
ご病気,n
ご不便,n
ご褒美,p
ご満足,p
ご迷惑,n
ご利益,n
さっぱり,p
さばさば,p
さび,n
さびしさ,n
さみしさ,n
さわやか,p
さわやかさ,p
ざらつき,n
ざわめき,n
しあわせ,p
しがらみ,n
しくじり,n
しこめ,n
しこり,n
したい放題,n
したたか,n
しっかり,p
しっぺ返し,n
しつこさ,n
しとやか,p
しなやか,p
しなやかさ,p
しびれ,n
しみ,n
しゃっくり,n
しゃれ男,p
しょっぱさ,n
しらふ,n
しり切れ,n
しわ,n
しわ寄せ,n
しんどさ,n
し損ない,n
じり高,n
じり貧,n
すかっと,p
すかんぴん,n
すきだらけ,n
すきっと,p
すっきり,p
すったもんだ,n
すってんてん,n
すっと,p
すっぽかし,n
すてき,p
すばやさ,p
すばらしさ,p
すり,n
ずぶ濡れ,n
ずぼら,n
ずる,n
せかせか,n
せき,n
せき払い,n
せせら笑い,n
せつなさ,n
ぜんそく,n
ぜん息,n
そしり,n
そねみ,n
その場しのぎ,n
その場逃れ,n
それきり,n
それきり・それっきり,n
それっきり,n
それなり,p
たおやか,p
たくましさ,p
たしなみ,p
たたずまい,p
ただれ,n
ただれ目,n
たっぷり,p
ため,p
ためらい傷,n
ため息,n
たらい回し,n
たるみ,n
だみ声,n
だらしなさ,n
だらだら,n
だらっと,n
だらりと,n
だらんと,n
だるさ,n
だれ気味,n
ちゃめっ気,p
ちゃらんぽらん,n
ちょい役,n
ちょっかい,n
ちょんぼ,n
つじ強盗,n
つっけんどん,n
つつましやか,p
つながり,p
つまずき,n
つまらなさ,n
つや,p
つらさ,n
つわもの,p
つわり,n
ていねい,p
てんかん,n
てんこ盛り,p
てんやわんや,n
できもの,n
でこぼこ,n
でたらめ,n
でっち上げ,n
とがめ,n
とがり声,n
ときめき,p
とどめ,n
とばっちり,n
とまどい,n
どぎまぎ,n
どさくさ,n
どたキャン,n
どら声,n
どんでん返し,n
どん底,n
ど根性,p
なだらか,p
なつかしさ,p
なぶり殺し,n
なまくら,n
なめらか,p
なめらかさ,p
ならず者,n
にきび,n
にぎやか,p
にぎわい,p
にこにこ顔,p
ぬかるみ,n
ぬか喜び,n
ぬくもり,p
ぬめり,n
ねぎらい,p
ねたましさ,n
ねたみ,n
のぞみ,p
ののしり,n
のみの心臓,n
のらくら,n
のんべんだらり,n
はしか,n
はずみ,n
はたらき,p
はた迷惑,n
はちゃめちゃ,n
はつらつ,p
はまり役,p
はやり風邪,n
はやり目,n
はらはら,n
はれ物,n
ばい菌,n
ばか,n
ばかばかしさ,n
ばか力,p
ばつ,n
ばらつき,n
ひがみ,n
ひき逃げ,n
ひさしぶり,p
ひったくり,n
ひとりよがり,n
ひとり相撲,n
ひとり立ち,p
ひと事,n
ひどさ,n
ひび割れ,n
ひもじさ,n
ひょう疽,n
ひょっとこ,n
ひ弱,n
びくびく,n
びんた,n
ぴか一,p
ふがいなさ,n
ふくよか,p
ふさぎの虫,n
ふしだら,n
ふん,n
ぶおとこ,n
ぶおんな,n
ぶきっちょ,n
ぶす,n
ぶっきらぼう,n
ぶらぶら,?p?n
へったくれ,n
へっぽこ,n
へなちょこ,n
へぼ,n
へま,n
へんちくりん,n
へんてこ,n
へんとう炎,n
べたぼれ,p
べた褒め,p
べっぴん,p
ぺしゃんこ,n
ほくほく顔,p
ほこり,n
ほころび,n
ほとぼり,n
ほの字,p
ほほ笑み,p
ほろ酔い気分,p
ぼけ,n
ぽか,n
まごころ,p
まじめ,p
まじり,n
まずさ,n
まちがい,n
まっさら,p
まとも,p
まどらか,p
まどろみ,p
まめ,p
まやかし,n
まゆつば物,n
まろやか,p
まん延,n
みずみずしさ,p
みみずばれ,n
むくみ,n
むし歯,n
むずかしさ,n
むだ,n
むちゃくちゃ,n
むち打ち,n
むなしさ,n
むやみ,n
むやみやたら,n
めちゃ,n
めちゃくちゃ,n
めちゃめちゃ,n
めったやたら,n
めでたさ,p
めまい,n
めんどう,n
もうけ口,p
もうけ仕事,p
もうろく,n
もだえ,n
もどかしさ,n
ものぐさ,n
もの悲しさ,n
もめ事,n
もやもや,n
もろさ,n
やくざ,n
やけ,n
やけくそ,n
やけっぱち,n
やけっ腹,n
やけど,n
やさしさ,p
やっつけ仕事,n
やぶ蛇,n
やりがい,p
やりきれなさ,n
やりたい放題,n
やり過ぎ,n
やるせなさ,n
やる気,p
やわらかさ,p
ゆがみ,n
ゆとり,p
よこしま,n
よさ,p
よそ事,n
よそ者,n
よどみ,n
らい,n
らしさ,p
ろくすっぽ,n
ろくろく,n
わいせつ行為,n
わかりやすさ,p
わがまま,n
わき役,n
わざ,p
わずらわしさ,n
わだかまり,n
わび,p
アイデア,p
アイディア,p
アイデンティティ,p
アイデンティティー,p
アウト,n
アオコ,n
アオリ,n
アカ,n
アクシデント,n
アクセス制御機能,p
アクティブ,p
アットホーム,p
アップグレード,p
アデノイド,n
アトピー,n
アトピー性皮膚炎,n
アナクロ,n
アバウト,n
アパルトヘイト,n
アピール,?p?n
アフガン戦争,n
アフターサービス,p
アブノーマル,n
アホ,n
アミューズメント,p
アルコール依存症,n
アルコール中毒,n
アルツハイマー,n
アルツハイマー病,n
アル中,n
アレルギー,n
アレルギー疾患,n
アレルギー性疾患,n
アレルギー性鼻炎,n
アレルギー体質,n
アレルゲン,n
アンティーク,p
アンバランス,n
アンフェア,n
イージーミス,n
イエローカード,n
イカサマ,n
イジメ,n
イタズラ,n
イビキ,n
イボ,n
イマイチ,n
イマジネーション,p
イメージアップ,p
イメージダウン,n
イヤ,n
イラク攻撃,n
イラク侵攻,n
イラク戦争,n
インスピレーション,p
インセンティブ,p
インチキ,n
インテリ,n
インテリジェンス,p
インパクト,p
インフォームド・コンセント,p
インフォームドコンセント,p
インフルエンザ,n
インフルエンザウイルス,n
インフレ,n
インポ,n
インポテンツ,n
ウィークポイント,n
ウィルス,n
ウィルスメール,n
ウイークポイント,n
ウイット,p
ウイルス,n
ウイルスメール,n
ウイルス感染,n
ウイルス病,n
ウソ,n
ウツ,n
ウデ,p
ウルトラＣ,p
ウワサ,n
エール,p
エイズ,n
エキスパート,p
エゴ,n
エゴイズム,n
エネルギー,p
エネルギー不足,n
エネルギッシュ,p
エマージェンシー,n
エラー,n
エラーメッセージ,n
エラーログ,n
エリート,p
エリート意識,n
エルボー,n
エレガンス,p
エレガント,p
エレガントさ,p
エンスト,n
オーバーフロー,n
オーラ,p
オールマイティー,p
オイルショック,n
オイル漏れ,n
オカルト,n
オシャレ,p
オリジナリティ,p
オリジナリティー,p
カウンターパンチ,n
カオス,n
カサカサ,n
カサブタ,n
カス,n
カゼ,n
カタルシス,p
カッコよさ,p
カッコ良さ,p
カビ,n
カユミ,n
カラフル,p
カリエス,n
カリスマ,p
カルシウム不足,n
カルチャーショック,n
カルマ,n
カンタン,p
カンニング,n
ガーゴイル,n
ガス漏れ,n
ガソリン代,n
ガッツ,p
ガン,n
ガン細胞,n
キズ,n
キツイ言葉,n
キャッシュバック,p
キャッチー,p
キャリア,p
キャンセル,n
キュート,p
キリ,?e
キレ,p
キレイ,p
ギックリ腰,n
ギブス,n
ギャグ,n
ギャラ,p
ギャング,n
クーデター,n
クール,p
クォリティー,p
クオリティ,p
クビ,n
クモ膜下出血,n
クラッシュ,n
クラミジア,n
クリーン,p
クリア,p
クリエイティビティ,p
クリエイティブ,p
クリスマスプレゼント,p
クロイツフェルト・ヤコブ病,n
グチ,n
グラマー,p
グランドスラム,p
ケアレスミス,n
ケガ,n
ケガレ,n
ケガ人,n
ケチ,n
ケンカ,n
ゲーム性,p
ゲット,p
ゲットー,n
ゲリラ,n
ゲロ,n
コースアウト,n
コイン,p
コク,p
コスト,n
コストアップ,n
コスト高,n
コスト面,n
コップの中のあらし,n
コツ,p
コマ落ち,n
コミニュケーション,p
コミュニケーション,p
コミュニケーションスキル,p
コミュニケーション能力,p
コミュニケーション力,p
コリ,n
コレステロール,n
コレラ,n
コンセプト,p
コンディション,p
コンパイルエラー,n
コンパクト,p
コンパクトさ,p
コンビニエンス,p
コンピューターウィルス,n
コンピュータウイルス,n
コンフリクト,n
コンプライアンス,p
コンプレックス,n
ゴキブリ,n
ゴジラ,n
ゴブリン,n
ゴミ,n
サーバーエラー,n
サーバーダウン,n
サーバダウン,n
サービス,p
サービス残業,n
サービス水準,p
サービス提供,p
サクセス,p
サスペンス,n
サディズム,n
サヨナラ勝ち,p
サラ金,n
シアワセ,p
シェイプアップ,p
シック,p
シックハウス,n
シックハウス症候群,n
シビア,n
シミ,n
シミソバカス,n
シャープ,p
シャープさ,p
ショック,n
シワ,n
シンナー,n
シンプルさ,p
ジェラシー,n
ジフテリア,n
ジャミング,n
ジレンマ,n
スイングアウト,n
スカ,n
スキ,n
スキャンダル,n
スキル,p
スキルアップ,p
スギ花粉症,n
スケール,p
スケール感,p
スコンク,n
スター,p
スター選手,p
スタイリッシュ,p
スタミナ,p
ステータス,p
ステータス異常,n
ステイタス,p
ステキ,p
ステレオタイプ,n
スト,n
ストーカー,n
ストーカー行為,n
ストーカー被害,n
ストイック,n
ストップ,n
ストレス,n
ストレス解消,p
ストレス発散,p
スパイ,n
スパイ容疑,n
スパムメール,n
スピーディー,p
スピード感,p
スペクタクル,p
スペシャリスト,p
スペシャル,p
スペック,p
スポーツマンシップ,p
スポーツ障害,n
スポーティー,p
スマート,p
スマートさ,p
スマイル,p
スムース,p
スムーズ,p
スモッグ,n
スラム,n
スラム街,n
スランプ,n
スリップ,n
スリップ事故,n
スリム,p
スリル,p
ズレ,n
セーフ,p
セーフティー,p
セールスポイント,p
セキュリティ,p
セキュリティー,p
セキュリティホール,n
セクシー,p
セクシーさ,p
セクシュアルハラスメント,n
セクハラ,n
セミプロ,p
セミプロフェッショナル,p
セルライト,n
センス,p
ゼロ敗,p
ソフト,p
ゾンビ,n
タイプミス,n
タイムラグ,n
タイムロス,n
タックル,n
タッチアウト,n
タフ,p
タフさ,p
タブー,n
タルミ,n
ダイオキシン,n
ダイナミズム,p
ダイナミック,p
ダイナミックレンジ,p
ダウン,n
ダニ,n
ダブり,n
ダブルパンチ,n
ダミ声,n
ダメ,n
ダメージ,n
ダメだし,n
ダメ出し,n
ダメ人間,n
ダントツ,p
チープさ,n
チームワーク,p
チェーンメール,n
チェック機能,p
チフス,n
チャームポイント,p
チャレンジ精神,p
チャンス,p
チャンピオン,p
チョップ,n
チンピラ,n
ツケ,n
ツヤ,p
ヅラ,n
テイスト,p
テキサスヒット,p
テク,p
テクニカルノックアウト,n
テクニシャン,p
テクニック,p
テスト,n
テロ,n
テロリスト,n
テロリズム,n
テロル,n
テロ攻撃,n
テロ行為,n
テロ事件,n
テンション,p
デート,p
デーモン,n
ディスク容量,p
デコピン,n
デコボコ,n
デザイン性,p
デッドボール,n
デッドロック,n
デフレ,n
デフレ不況,n
デブ,n
デマ,n
デマゴギー,n
デメリット,n
デリカシー,p
トーンダウン,n
トップクラス,p
トップランナー,p
トライ,p
トラウマ,n
トラコーマ,n
トラブル,n
トラブル等,n
トラホーム,n
トルク,p
ドキドキ感,p
ドジ,n
ドタキャン,n
ドライアイ,n
ドラマティック,p
ドレスアップ,p
ドロ,n
ドロップ,n
ドロップアウト,n
ナイス,p
ナショナリズム,n
ナンセンス,n
ナンパ,?p?n
ニーズ,p
ニキビ,n
ニキビ跡,n
ニコチン中毒,n
ニュアンス,p
ヌメリ,n
ネタバレ,n
ネタ切れ,n
ネック,n
ノーコントロール,n
ノーヒットノーラン,p
ノーフィッシュ,n
ノーベル賞,p
ノイズ,n
ノイローゼ,n
ノスタルジック,p
ノックアウト,o
ノックダウン,n
ノルマ,n
ハードボイルド,p
ハードル,n
ハイスピード,p
ハイパワー,p
ハズレ,n
ハッピー,p
ハネムーン,p
ハプニング,?p?n
ハリ,p
ハングリー精神,p
ハンセン病,n
ハンデ,n
ハンディ,n
ハンディキャップ,n
ハンデキャップ,n
バージョンアップ,p
バーバリズム,n
バイオレンス,n
バイク事故,n
バイタリティー,p
バカ,n
バカバカしさ,n
バグ,n
バケモノ,n
バセドー病,n
バッシング,n
バッファオーバーフロー,n
バツ,n
バブル景気,p
バラツキ,n
バランス感覚,p
バンパイア,n
バンプ,n
パーキンソン病,n
パージ,n
パーフェクト,p
パイオニア,p
パクリ,n
パケットロス,n
パスミス,n
パッション,p
パニック,n
パニック障害,n
パラドックス,n
パラノイア,n
パワー,p
パワーダウン,n
パワー不足,n
パワフル,p
パンク,n
パンチ,n
パンチ力,p
ヒール,n
ヒーロー,p
ヒステリー,n
ヒスノイズ,n
ヒット,p
ヒット曲,p
ヒビ,n
ヒポコンデリア,n
ヒント,p
ビギナーズラック,p
ビタミン不足,n
ビッグ,p
ビッグチャンス,p
ビンゴ,p
ビンタ,n
ピッキング,n
ピンぼけ,n
ピンチ,n
ファイト,p
ファウル,n
ファジー,n
ファッション性,p
ファン,p
ファンキー,p
フィードバック,p
フィラリア,n
フェア,p
フェアプレー,p
フェロモン,p
フットワーク,p
フラストレーション,n
フリーズ,n
フリーター,n
フルスピード,p
フレッシュ,p
フレッシュさ,p
フレンドリー,p
フン,n
ブーイング,n
ブーム,p
ブラック,n
ブランク,n
ブランドイメージ,p
ブランド品,p
ブリザード,n
ブレ,n
プライバシー,p
プライバシー侵害,n
プラス,p
プラスアルファ,p
プリンス,p
プレゼント,p
プレッシャー,n
プロ,p
プロフェッショナル,p
プロ意識,p
ヘタ,n
ヘタレ,n
ヘドロ,n
ヘマ,n
ヘルシー,p
ヘルニア,n
ヘルペス,n
ヘン,n
ベースアップ,p
ベスト,p
ベスト１６,p
ベストセラー,p
ベタ,n
ベテラン,p
ベトナム戦争,n
ペーソス,n
ペケ,n
ペスト,n
ペナルティ,n
ペナルティー,n
ホームシック,n
ホコリ,n
ホメオスタシス,p
ホモ,n
ボーク,n
ボーナス,p
ボケ,n
ボツ,n
ボディーブロー,n
ボディブロー,n
ボヤ,n
ボリューム,?p?e
ボリューム感,p
ボロボロ,n
ポイント,p
ポイ捨て,n
ポップ,p
ポテンシャル,p
ポリープ,n
ポルノ,n
マイナー,n
マイナス,n
マイナスイメージ,n
マイナス点,n
マイナス幅,n
マイナス面,n
マイナス要因,n
マイペース,p
マイルド,p
マキシマム,p
マグマ,n
マシンパワー,p
マゾヒズム,n
マドンナ,p
マネ,n
マネー,p
マネジメント能力,p
マヒ,n
マフィア,n
マラリア,n
マンネリ,n
マンネリズム,n
マンネリ化,n
マンパワー,p
ミサイル,n
ミス,n
ミステーク,n
ミスマッチ,n
ミニマム,n
ミネラル,p
ミュージシャン,p
ミラクル,p
ムダ,n
ムチャ,n
ムラ,n
ムリ,n
メーカー保証,p
メガヒット,p
メダル,p
メッタ打ち,n
メディアリテラシー,p
メモリリーク,n
メモリ不足,n
メランコリー,n
メリット,p
メリハリ,p
モダン,p
モチベーション,p
モチモチ感,p
モノマニア,n
モラル,p
モラルハザード,n
ヤケ,n
ヤニ,n
ヤバさ,n
ヤル気,p
ユーザビリティ,p
ユニークさ,p
ライフ,p
ラッキー,p
ラッシュ,n
ラブ,p
リーズナブル,p
リーダーシップ,p
リアリズム,p
リアリティ,p
リアル,p
リアルタイム性,p
リウマチ,n
リコール,n
リスク,n
リストラ,n
リスペクト,p
リズム感,p
リゾート,p
リゾート気分,p
リタイア,?p?n
リッチ,p
リテラシー,p
リバウンド,n
リフレッシュ,p
リベンジ,p
リューマチ,n
リューマチ熱,n
リュウマチ,n
リラックス,p
リラックスムード,p
リラックス感,p
リンク切れ,n
リンチ,n
ルーズ,n
ループ,n
レーダー,p
レイプ,n
レクリエーション,p
レジオネラ症,n
レジスタンス,n
レジャー,p
レスキュー,p
レッテル,n
レッドパージ,n
レトロ,p
レパートリー,p
レベルアップ,p
レヴェル,p
ローン,n
ロス,n
ロマン,p
ロマンス,p
ロマンティック,p
ワースト,n
ワーム,n
ワイルドさ,p
ワイルドピッチ,n
ワガママ,n
ワキガ,n
ワナ,n
ワンダフル,p
ワンパターン,n
ヴィジョン,p
亜聖,p
哀しさ,n
哀しみ,n
哀れ,n
哀れさ,n
哀れみ,n
哀れむべき,n
哀感,n
哀歓,n
哀愁,?p?n
哀傷,n
哀切,n
哀調,n
愛,p
愛くるしさ,p
愛らしさ,p
愛郷,p
愛国心,p
愛妻,p
愛情,p
愛想笑い,n
愛想尽かし,n
愛憎,n
愛着,p
愛別離苦,n
愛憐,p
愛嬌,p
逢瀬,p
悪,n
悪さ,n
悪意,n
悪運,n
悪影響,n
悪疫,n
悪化,n
悪寒,n
悪感情,n
悪漢,n
悪気,n
悪鬼,n
悪戯,n
悪逆,n
悪業,n
悪玉,n
悪玉コレステロール,n
悪玉菌,n
悪口,n
悪口雑言,n
悪巧み,n
悪行,n
悪事,n
悪疾,n
悪質,n
悪者,n
悪趣,n
悪趣味,n
悪習,n
悪習慣,n
悪臭,n
悪循環,n
悪女,n
悪神,n
悪人,n
悪酔い,n
悪性,n
悪性リンパ腫,n
悪性腫瘍,n
悪政,n
悪声,n
悪戦苦闘,n
悪相,n
悪態,n
悪代官,n
悪知恵,n
悪党,n
悪道,n
悪徳,n
悪徳業者,n
悪徳商法,n
悪罵,n
悪評,n
悪病,n
悪癖,n
悪法,n
悪魔,n
悪夢,n
悪名,n
握力,p
圧勝,p
圧制,n
圧政,n
圧迫感,n
圧伏,n
圧服,n
圧服・圧伏,n
飴,p
安さ,p
安っぽさ,n
安らか,p
安らかさ,p
安らぎ,p
安易,n
安逸,n
安穏,p
安価,p
安楽,p
安楽死,n
安上がり,p
安心,p
安心安全,p
安心感,p
安請け合い,n
安全,p
安全安心,p
安全性,p
安全第一,p
安息,p
安泰,p
安直,n
安定,p
安定化,p
安定感,p
安定性,p
安堵,p
安堵感,p
安寧,p
安眠,p
暗雲,n
暗黒面,n
暗殺,n
暗礁,n
暗中模索,n
暗躍,n
伊達,p
依存,n
依存症,n
偉観,p
偉業,p
偉効,p
偉才,p
偉材,p
偉材・異材,p
偉人,p
偉大,p
偉大さ,p
偉物,p
威圧,n
威圧感,n
威嚇,n
威厳,p
威信,p
威容,p
威力,p
意気,p
意気込み,p
意気消沈,n
意気阻喪,n
意義,p
意志,p
意志疎通,p
意思疎通,p
意思統一,p
意思能力,p
意識,p
意識障害,n
意識不明,n
意匠,p
意匠性,p
意地,n
意地悪,n
意味,p
意欲,p
慰め,p
易さ,p
為替,p
為替差損,n
畏敬,p
畏縮,n
畏怖,n
異音,n
異観,n
異義,n
異議,n
異国情緒,p
異質,n
異臭,n
異常,n
異常さ,n
異常行動,n
異常事態,n
異常性,n
異常性欲,n
異常値,n
異端,n
異物,n
異物混入,n
異変,n
異様,n
異論,n
胃かいよう,n
胃がん,n
胃けいれん,n
胃カタル,n
胃ガン,n
胃炎,n
胃下垂,n
胃拡張,n
胃癌,n
胃弱,n
胃腸炎,n
胃腸病,n
胃痛,n
胃潰瘍,n
胃病,n
萎縮,n
萎靡,n
違背,n
違反,n
違法,n
違法コピー,n
違法行為,n
違約,n
違和,n
違和感,n
遺愛,p
遺憾,n
遺恨,n
遺産,p
遺体,n
遺徳,p
遺髪,n
遺品,n
遺漏,n
医療サービス,p
医療ミス,n
医療費助成,p
医療不信,n
一つ一つ,p
一安心,p
一因,n
一押し,p
一押し・一推し,p
一過性,n
一喝,n
一貫性,p
一騎当千,p
一騎討ち,n
一級,p
一撃,n
一撃必殺,p
一酸化炭素中毒,n
一死,n
一時しのぎ,n
一時逃れ,n
一緒,p
一緒くた,n
一助,p
一推し,p
一生,p
一生懸命,p
一斉射撃,n
一線級,p
一体感,p
一大事,n
一途,p
一難,n
一敗,n
一杯,p
一杯機嫌,p
一番,p
一文なし,n
一辺倒,n
一本調子,n
一命,p
一利,p
一流,p
一揆,n
一臂の力,p
溢美,p
逸材,p
逸足,p
逸脱,n
逸品,p
逸物,p
因縁,n
因果,n
因業,n
引かれ者の小唄,n
引き受け,p
引き立て,p
引き立て役,n
引け目,n
引ったくり,n
飲みすぎ,n
飲み過ぎ,n
飲み料,n
淫ら,n
淫行,n
淫売,n
淫欲,n
淫乱,n
院内感染,n
陰り,n
陰萎,n
陰気,n
陰金,n
陰口,n
陰謀,n
隠し事,n
隠蔽,n
宇宙人,n
羽子板,p
羽翼,p
迂回,?p?n
雨降り,n
雨風,n
雨漏り,n
渦,n
渦中,n
嘘,n
嘘つき,n
運,p
運の尽き,n
運気,p
運休,n
運転技術,p
運動障害,n
運動神経,p
運動性,p
運動性能,p
運動能力,p
運動不足,n
餌食,n
叡智,p
営業停止,n
影,n
影響力,p
栄,p
栄え,p
栄華,p
栄冠,p
栄光,p
栄誉,p
栄養,p
栄養価,p
栄養失調,n
栄養障害,n
栄養素,p
栄養不足,n
栄養分,p
永遠,p
永住権,p
永眠,?p?n
泳力,p
英気,p
英傑,p
英語能力,p
英語力,p
英俊,p
英知,p
英哲,p
英名,p
英雄,p
英霊,p
詠嘆,p
鋭さ,p
鋭気,p
鋭敏,p
液漏れ,n
疫,n
疫病,n
疫病神,n
悦,p
悦び,p
悦楽,p
厭悪,n
厭軍,n
厭世,n
厭戦,n
厭戦気分,n
円滑,p
円滑化,p
円形脱毛症,n
円転滑脱,p
円満,p
延び延び,n
延引,n
延焼,n
延性,p
怨み,n
怨恨,n
怨敵,n
怨念,n
怨霊,n
怨嗟,n
演技力,p
炎,n
炎症,n
炎上,n
煙,n
煙害,n
猿知恵,n
縁,p
艶,p
艶聞,n
遠回り,n
遠足気分,p
遠島,n
遠慮気味,n
鉛中毒,n
塩害,n
塩辛さ,n
塩素臭,n
塩蔵,p
汚さ,n
汚れ,n
汚れ役,n
汚職,n
汚職事件,n
汚水,n
汚染,n
汚染源,n
汚損,n
汚濁,n
汚泥,n
汚点,n
汚物,n
汚名,n
凹凸,n
奥ゆかしさ,p
奥義,p
奥行き,p
奥深さ,p
往生,n
往復ビンタ,n
応募者,p
応用力,p
応力,p
押しつけ,n
押し込み強盗,n
押せ押せ,n
旺盛,p
横やり,n
横レス,n
横殴り,n
横行,n
横着,n
横風,n
横暴,n
横揺れ,n
横領,n
横恋慕,n
殴打,n
王権,p
王者,p
王族,p
王道,p
黄金時代,p
黄砂,n
黄濁,n
屋号,p
臆見,n
臆病,n
俺様,n
恩,p
恩愛,p
恩義,p
恩恵,p
恩情,p
恩沢,p
温かさ,p
温かみ,p
温もり,p
温厚,p
温柔,p
温順,p
温情,p
温暖化,n
温度差,n
温良,p
温和,p
穏やか,p
穏やかさ,p
穏健,p
穏当,p
穏便,p
穏和,p
音楽性,p
音感,p
音質,p
音質劣化,n
音痴,n
音漏れ,n
下げ,n
下げ渋り,n
下の下,n
下り坂,n
下ネタ,n
下火,n
下血,n
下手,n
下手くそ,n
下心,n
下品,n
下方修正,n
下野,n
下落,n
下痢,n
化け物,n
化学物質過敏症,n
化膿,n
仮構,n
仮病,n
価格,n
価格下落,n
価格競争力,p
価値,p
佳,p
佳景,p
佳作,p
佳什,p
佳人,p
佳編,p
佳味,p
加害,n
加害者,n
加虐,n
加護,p
加工性,p
加勢,p
加速性能,p
加担・荷担,n
可,p
可哀想,n
可愛さ,p
可愛らしさ,p
可決,p
可能性,p
可用性,p
可憐,p
嘉賞,p
夏ばて,n
夏バテ,n
夏風邪,n
嫁いびり,n
家事援助,p
家賃,n
家庭,p
家庭内暴力,n
寡黙,p
科学性,p
科研費,p
暇,p
果たし合い,n
果敢,p
果報,p
歌手,p
歌唱力,p
歌心,p
火の玉,n
火の粉,n
火急,n
火球,n
火災,n
火災事故,n
火砕流,n
火事,n
火事場泥棒,n
火傷,n
火柱,n
火難,n
火膨れ,n
火力,p
禍,n
禍害,n
花園,p
花芽,p
花盗人,n
花粉症,n
荷担,n
荷抜き,n
荷厄介,n
華,p
華やか,p
華やかさ,p
華美,p
華麗,p
華麗さ,p
課題,n
過ち,n
過去,n
過激,n
過呼吸,n
過誤,n
過失,n
過失致死,n
過小,n
過賞,n
過剰,n
過剰反応,n
過食,n
過食症,n
過信,n
過疎,n
過疎化,n
過怠,n
過大,n
過度,n
過当競争,n
過熱感,n
過敏,n
過敏症,n
過負荷,n
過褒,n
過密,n
過労,n
過労死,n
蚊の鳴くような声,n
我執,n
我侭,n
我慢,n
我儘,n
画質,p
画質劣化,n
画力,p
芽,p
蛾,n
賀,p
賀寿,p
雅,p
雅味,p
餓え,n
餓鬼,n
餓死,n
介護サービス,p
介護報酬,p
介助,p
介抱,p
会心,p
会心の作,p
解決,p
解決策,p
解雇,n
解散,n
解消,p
解脱,p
解放感,p
回り道,n
回天の力,p
回復,p
回復基調,p
回復傾向,p
回復力,p
壊血病,n
壊死,n
壊滅,n
壊滅的打撃,n
壊乱,n
壊疽,n
快楽,p
快活,p
快感,p
快気祝い,p
快事,p
快勝,p
快晴,p
快速,p
快打,p
快調,p
快適,p
快適さ,p
快適性,p
快投,p
快報,p
快眠,p
怪しさ,n
怪我,n
怪我人,n
怪漢,n
怪気炎,n
怪傑,p
怪事件,n
怪人,n
怪盗,n
怪物,n
怪文書,n
怪聞,n
怪力,p
悔い,n
悔しさ,n
懐かしさ,p
戒厳令,n
戒告,n
戒慎,n
戒飭,n
拐帯,n
改ざん,n
改悪,n
改易,n
改心,p
改正,p
改善,p
改良,p
改竄,n
晦渋,n
海賊,?p?n
海賊行為,n
海賊版,n
海難,n
海難事故,n
皆勤賞,p
絵,p
絵空事,n
開運,p
開花,p
開墾,p
開拓者,p
開放,p
開放感,p
開放性,p
外れ,n
外観,p
外耳炎,n
外傷,n
外敵,n
外道,n
外反母趾,n
外面如菩薩内心如夜叉,n
咳,n
害,n
害悪,n
害虫,n
害毒,n
崖崩れ,n
慨世,n
慨嘆,n
鎧袖一触,p
拡充,p
拡張性,p
格,p
格安,p
格下げ,n
格好よさ,p
格好良さ,p
格差,n
格式,p
格調,p
核戦争,n
核兵器,n
核兵器廃絶,p
獲得,p
確実さ,p
確実性,p
確信,p
確然,p
確保,p
覚醒剤,n
隔たり,n
隔意,n
隔離,n
革命児,p
学,p
学位,p
学級崩壊,n
学識,p
学習意欲,p
学習機会,p
学習効果,p
学習障害,n
学習能力,p
学徳,p
学力,p
学力低下,n
学歴,p
学歴詐称,n
楽,p
楽しさ,p
楽しみ,p
楽園,p
楽楽,p
楽勝,p
顎関節症,n
掛け声倒れ,n
掛け倒れ,n
割安,p
割高,n
割高感,n
活,p
活気,p
活況,p
活字離れ,n
活性,p
活性化,p
活動,p
活動資金,p
活動力,p
活発,p
活発化,p
活躍,p
活力,p
渇,n
渇き,n
渇仰,p
渇水,n
滑らか,p
滑らかさ,p
滑稽,n
滑降,n
滑落,n
葛藤,n
株,p
株数,p
瓦礫,n
乾き目,n
乾燥肌,n
乾杯,p
乾癬,n
冠水,n
寒さ,n
寒気,n
寒心,n
寒村,n
勘,p
勘ぐり,n
勘違い,n
勘気,n
勘当,n
勧善,p
巻き添え,n
巻き返し,p
堪忍,n
堪能,p
姦淫,n
完ぺき,p
完治,p
完勝,p
完成,p
完成度,p
完全,p
完全失業率,n
完全性,p
完全無欠,p
完走,p
完投,p
完敗,n
完封,p
完封負け,n
完璧,p
官能,p
官僚主義,n
寛厚,p
寛容,p
寛容さ,p
干ばつ,n
干ぼし,n
干犯,n
患い,n
患者,n
患部,n
感悦,p
感慨,p
感慨無量,p
感激,p
感謝,p
感謝状,p
感受性,p
感傷,n
感心,p
感性,p
感染,n
感染ルート,n
感染経路,n
感染者,n
感染症,n
感嘆,p
感電,n
感度,p
感動,p
感服,p
感冒,n
感銘,p
感銘・肝銘,p
感涙,p
敢闘,p
歓び,p
歓喜,p
歓迎,p
歓心,p
歓声,p
汗だく,n
環境悪化,n
環境汚染,n
環境破壊,n
甘え,p
甘えん坊,n
甘さ,?p?n
監禁,n
監獄,n
監督責任,n
看板倒れ,n
管見,n
簡易,p
簡潔,p
簡捷,p
簡素,p
簡単,p
簡便,p
簡明,p
緩衝,p
緩慢,n
肝がん,n
肝炎,n
肝癌,n
肝機能障害,n
肝硬変,n
肝細胞癌,n
肝臓がん,n
肝臓ガン,n
肝臓癌,n
肝臓障害,n
肝臓病,n
肝不全,n
肝銘,p
艦砲射撃,n
観客動員数,p
観光,p
観光客,p
観察眼,p
観察力,p
観衆,p
間違い,n
間違い・間違え,n
間違え,n
間隙,n
間質性肺炎,n
間抜け,n
関わり,?p?n
関心,p
関税,n
関節炎,n
関節痛,n
関東大震災,n
陥没,n
陥落,n
丸見え,n
丸出し,n
丸損,n
含み笑い,n
含み声,n
含み損,n
含むところ,n
含羞,n
癌,n
癌細胞,n
眼疾,n
眼精疲労,n
眼病,n
頑健,p
頑固,n
頑丈,p
頑張り,p
願い事,p
願ったり叶ったり,p
願望,p
企画力,p
企業イメージ,p
危うさ,n
危なげ,n
危害,n
危機,n
危機感,n
危急,n
危険,n
危険箇所,n
危険性,n
危地,n
危篤,n
危篤状態,n
危難,n
危殆,n
喜び,p
喜悦,p
喜捨,p
喜色,p
器用,p
器用さ,p
器用貧乏,n
器量よし,p
器量人,p
基礎,p
基礎学力,p
基礎基本,p
基礎体力,p
基礎代謝,p
基礎知識,p
基盤,p
基本機能,p
奇,n
奇異,n
奇禍,n
奇怪,n
奇観,n
奇形,n
奇効,n
奇襲,n
奇人,n
奇声,n
奇跡,p
奇跡・奇蹟,p
奇蹟,p
奇特,n
奇病,n
奇妙,n
奇問,n
奇麗,p
嬉しさ,p
嬉し涙,p
寄附,p
希少,p
希少価値,p
希代,p
希望,p
忌避,n
忌諱,n
既成概念,n
既成事実,n
既得権益,p
期待,p
期待外れ,n
期待感,p
機会,p
機会損失,n
機嫌,?p?n
機動性,p
機動的,p
機動力,p
機能,p
機能強化,p
機能障害,n
機能性,p
機能低下,n
機能美,p
機能不全,n
機敏,p
帰らぬ旅,n
気,?p?n
気さく,p
気の毒,n
気ふさぎ,n
気ぶっせい,n
気まずさ,n
気炎,p
気概,p
気楽,p
気掛かり,n
気管支炎,n
気管支喘息,n
気詰まり,n
気胸,n
気苦労,n
気軽,p
気遣わしさ,n
気後れ,n
気構え,p
気合,p
気合い,p
気合い負け,n
気骨,p
気持ち,p
気持ちよさ,p
気持ち悪さ,n
気持ち良さ,p
気重,n
気丈,p
気随,n
気随気まま,n
気勢,p
気絶,n
気息奄奄,n
気任せ,n
気迫,p
気疲れ,n
気品,p
気風,p
気分一新,p
気分転換,p
気泡,n
気密性,p
気落ち,n
気力,p
気鬱,n
季節感,p
紀律,p
規模,p
規律,p
記憶障害,n
記憶喪失,n
記憶容量,p
記憶力,p
記入ミス,n
記念品,p
記録,p
貴意,p
貴重,p
起源,p
起死回生,p
輝き,p
飢え,n
飢餓,n
飢餓感,n
飢渇,n
飢饉,n
鬼に金棒,p
鬼ばば,n
鬼気,n
鬼才,p
鬼女,n
鬼畜,n
亀レス,n
亀裂,n
偽り,n
偽言,n
偽者,n
偽証,n
偽善,n
偽装,n
偽造,n
偽物,n
戯言,n
技,p
技あり,p
技巧,p
技術,p
技術向上,p
技術者,p
技術力,p
技能,p
技量,p
欺瞞,n
犠牲,n
犠牲者,n
疑い,n
疑義,n
疑心,n
疑心暗鬼,n
疑点,n
疑念,n
疑問視,n
疑惑,n
義援,p
義賊,p
義勇,p
義理人情,p
議員辞職,n
吉,p
吉凶,n
吉事,p
吉祥,p
吉相,p
吉兆,p
吉日,p
吉報,p
吃音,n
喫煙,n
喫煙者,n
喫緊,n
詰まり,n
詰み,n
却下,n
脚気,n
脚線美,p
脚力,p
虐殺,n
虐待,n
逆境,n
逆光,n
逆効果,n
逆恨み,n
逆子,n
逆心,n
逆転勝利,p
逆転負け,n
逆風,n
仇敵,n
休学,n
休刊,n
休憩,p
休電,n
休日出勤,n
吸い殻,n
吸血鬼,n
吸収性,p
宮刑,n
急,n
急ぎ,n
急患,n
急死,n
急場しのぎ,n
急性アルコール中毒,n
急性肝炎,n
急性期,n
急性心筋梗塞,n
急性心不全,n
急逝,n
急難,n
急迫,n
急病,n
急変,n
急落,n
救い,p
救急,n
救済措置,p
救出,p
救助,p
朽廃,n
求刑,n
求心力,p
泣きどころ,n
泣き言,n
泣き声,n
球威,p
球速,p
窮まり,n
窮屈,n
窮屈さ,n
窮状,n
窮地,n
窮迫,n
窮乏,n
旧怨,n
旧恩,p
旧聞,n
居住性,p
居直り強盗,n
居眠り,n
巨匠,p
拒食,n
拒食症,n
拒絶反応,n
拒否,n
拒否反応,n
拠り所,p
虚しさ,n
虚偽,n
虚血性心疾患,n
虚言,n
虚言癖,n
虚構,n
虚弱,n
虚弱体質,n
虚心,n
虚勢,n
虚像,n
虚脱感,n
虚報,n
虚無感,n
虚名,n
虚妄,n
許容,p
漁獲量,p
漁況,p
漁業被害,n
享受,p
供給不足,n
競争力,p
共感,p
共存共栄,p
共通認識,p
共通理解,p
共倒れ,n
共犯,n
共謀,n
凶,n
凶悪,n
凶悪事件,n
凶悪犯罪,n
凶器,n
凶荒,n
凶行,n
凶作,n
凶事,n
凶賊,n
凶弾,n
凶変,n
凶報,n
協調性,p
協力,p
協力者,p
強がり,n
強さ,p
強み,p
強圧,n
強引,n
強引さ,n
強運,p
強姦,n
強気,?p?n
強健,p
強固,p
強行軍,n
強剛,p
強豪,p
強豪・強剛,p
強者,p
強襲,n
強情,n
強制,n
強制使用,n
強制終了,n
強制送還,n
強制労働,n
強壮,p
強打,n
強大,p
強奪,n
強敵,n
強度,p
強盗,n
強盗事件,n
強風,n
強力,p
強力犯,n
強靱,p
恐さ,n
恐れ,n
恐れなし,p
恐ろしさ,n
恐喝,n
恐慌,n
恐怖,n
恐怖感,n
恐怖症,n
恐怖心,n
恐怖政治,n
恐竜,n
恐惶,n
恭賀,p
恭敬,p
恭順,p
教育改革,p
教養,p
狂喜,p
狂気,n
狂牛病,n
狂犬,n
狂犬病,n
狂言,n
狂信,n
狭さ,n
狭間,n
狭窄,n
狭心症,n
胸のつかえ,n
胸焼け,n
胸騒ぎ,n
脅迫,n
脅迫電話,n
興国,p
興味,p
興味関心,p
興隆,p
郷愁,p
郷土愛,p
驚き,p
驚喜,p
驚怖,n
凝滞,n
業,n
業苦,n
業績,p
業病,n
曲線美,p
極悪,n
極意,p
極楽往生,p
極寒,n
極刑,n
極上,p
極端,n
極論,n
玉にきず,n
玉の緒,p
玉砕,n
玉石,p
僅か,n
勤勉,p
勤労意欲,p
均衡,?p?n
欣快,p
欣喜,p
欣喜雀躍,p
欣幸,p
禁煙,p
禁忌,n
禁固,n
禁固刑,n
禁制,n
禁断症状,n
禁物,n
筋腫,n
筋肉,p
筋肉痛,n
筋肉疲労,n
筋力,p
緊急,n
緊急事態,n
緊急性,n
緊張,n
緊迫,n
緊迫感,p
緊縛,n
菌,n
謹賀,p
謹慎,n
謹慎処分,n
近視,n
近所迷惑,n
近代化,p
金,p
金の卵,p
金メダル,p
金一封,p
金運,p
金回り,p
金額,n
金詰まり,n
金銀,p
金欠,n
金庫破り,n
金剛力,p
金食い虫,n
金切り声,n
金銭力,p
金属アレルギー,n
金融危機,n
金融不安,n
金甌無欠,p
銀行強盗,n
苦,n
苦さ,n
苦しさ,n
苦しみ,n
苦み,n
苦境,n
苦行,n
苦手,n
苦汁,n
苦渋,n
苦笑,n
苦笑い,n
苦情,n
苦心,?p?n
苦節,n
苦戦,n
苦虫,n
苦衷,n
苦痛,n
苦闘,n
苦難,n
苦悩,n
苦杯,n
苦味,n
苦悶,n
苦役,n
苦労,n
駆動力,p
具体性,p
愚,n
愚かさ,n
愚挙,n
愚見,n
愚行,n
愚作,n
愚痴,n
愚問,n
虞,n
虞犯,n
空き,p
空き巣,n
空き巣ねらい,n
空しさ,n
空っけつ,n
空下手,n
空間,p
空虚,n
空隙,n
空言,n
空襲,n
空笑い,n
空振り,n
空想,p
空中楼閣,n
空転,n
空洞化,n
空念仏,n
空売り,n
空費,n
空腹,n
空腹感,n
空名,n
屑,n
屈強,p
屈指,p
屈辱,n
屈辱感,n
屈託,n
掘り出し物,p
勲章,p
君恩,p
薫り,p
群盗,n
軍事攻撃,n
軍事力,p
軍神,p
軍費,n
係争,n
傾国,n
刑,n
刑事事件,n
刑事罰,n
刑罰,n
刑務,n
刑務所,n
珪肺,n
型破り,n
形式,n
形式美,p
形質,p
形成,p
恵み,p
慶賀,p
慶事,p
慶祝,p
携帯性,p
敬意,p
敬仰,p
敬神,p
景観,p
景気,p
景気回復,p
景気後退,n
景気対策,p
景仰,p
景勝,p
景色,p
景品,p
経営危機,n
経営難,n
経営能力,p
経営破綻,n
経験不足,n
経済活性化,p
経済活力,p
経済危機,n
経済効果,p
経済効率,p
経済合理性,p
経済制裁,n
経済性,p
経済成長,p
経済政策,p
経済的損失,n
経済的利益,p
経済発展,p
経済不況,n
経済封鎖,n
経済力,p
経費,n
継続性,p
継続的改善,p
繋がり,p
荊棘,n
計算力,p
警戒,n
警戒心,n
警告音,n
警鐘,n
警笛,n
軽さ,p
軽め,p
軽やか,p
軽易,p
軽快,p
軽快さ,p
軽軽,p
軽減,p
軽傷,n
軽症,n
軽信,n
軽度,p
軽薄,n
軽犯罪,n
軽便,p
軽妙,p
軽率,n
軽量,p
軽労働,p
芸域,p
芸術,p
芸術性,p
芸達者,p
芸能,p
劇痛,n
撃墜,n
激安,p
激情,p
激震,n
激甚,p
激痛,n
激痛・劇痛,n
激怒,n
激闘,p
激動,n
激務,n
激励,p
隙,n
隙間風,n
傑作,p
傑人,p
傑物,p
欠,n
欠課,n
欠格,n
欠陥,n
欠航,n
欠講,n
欠場,n
欠席,n
欠損,n
欠点,n
欠如,n
欠品,n
欠乏,n
欠落,n
欠礼,n
決まり手,p
決め手,p
決壊,　
決勝ゴール,p
決勝点,p
決断力,p
決定力,p
決定力不足,n
決闘,n
潔さ,p
潔白,p
結果オーライ,p
結核,n
結核患者,n
結核菌,n
結構,p
結構ずくめ,p
結婚,p
結婚披露宴,p
結石,n
結膜炎,n
血しぶき,n
血だらけ,n
血の道,n
血まみれ,n
血気盛ん,p
血行,p
血行障害,n
血行不良,n
血祭り,n
血栓,n
血栓症,n
血糖,n
血糖値,n
血反吐,n
血目,n
血友病,n
血痰,n
月経痛,n
月曜病,n
倦怠,n
倦怠感,n
健やか,p
健康,p
健康障害,n
健康長寿,p
健康被害,n
健康美,p
健康問題,n
健在,p
健在ぶり,p
健勝,p
健全,p
健全育成,p
健全化,p
健全性,p
健闘,p
健筆,p
健忘症,n
剣戟,n
剣豪,p
喧嘩,n
喧騒・喧噪,n
喧噪,n
堅固,p
堅実,p
堅調,p
堅牢,p
堅牢性,p
嫌,n
嫌い,n
嫌がらせ,n
嫌悪,n
嫌悪感,n
嫌煙,n
嫌忌,n
嫌気,n
嫌疑,n
嫌味,n
懸賞,p
懸濁,n
懸念,n
検挙,n
権威,p
権益,p
権限,p
権勢,p
権利,p
権利侵害,n
権力,p
権力争い,n
権力闘争,n
牽制,n
研究成果,p
研究能力,p
研究費,p
肩こり,n
肩凝り,n
肩透かし,n
見え見え,n
見せしめ,n
見どころ,p
見やすさ,p
見易さ,p
見応え,p
見掛け倒し,n
見巧者,p
見事,p
見識,p
見所,p
見当違い,n
見物,p
見返り,p
見劣り,n
謙虚,p
謙虚さ,p
賢さ,p
賢者,p
賢俊,p
賢女,p
賢人,p
賢哲,p
賢明,p
険,n
険しさ,n
験,p
元気,p
元気さ,p
原因,n
原罪,n
原爆症,n
原爆投下,n
厳しさ,n
厳格,n
厳寒,n
厳禁,n
厳刑,n
厳罰,n
厳密さ,p
幻影,n
幻覚,n
幻聴,n
幻滅,n
減価,n
減収,n
減衰,n
減退,n
減点,n
源泉,p
玄人,p
現金,p
現金収入,p
現行犯,n
現実感,p
現実感覚,p
現実性,p
現実味,p
現世利益,p
現代病,n
言いなり,n
言い過ぎ,n
言い争い,n
言い分,p
言い訳,n
言い立て,n
言うもおろか,p
言わずもがな,p
言語感覚,p
言語障害,n
言語能力,p
言動,n
言葉足らず,n
限り,n
限界,n
限度,n
個性,p
古つわもの,p
古豪,p
古臭さ,n
古拙,n
呼吸器疾患,n
呼吸器病,n
呼吸停止,n
呼吸不全,n
固持,n
固執,n
固定観念,n
孤軍奮闘,n
孤独,n
孤独感,n
孤立,n
孤立化,n
孤立感,n
戸惑い,n
故障,n
故人,n
枯死,n
狐,n
狐疑,n
糊塗,n
胡散臭さ,n
虎口の難,n
誇り,p
誇大妄想,n
誇張,n
雇用創出,p
雇用不安,n
顧客,p
顧客満足,p
五月病,n
五穀豊穣,p
互換性,p
娯楽,p
娯楽性,p
後れ,n
後ろめたさ,n
後ろ盾,p
後遺症,n
後援,p
後押し,p
後回し,n
後悔,n
後継者不足,n
後顧,n
後顧の憂い,n
後手,n
後退,n
後知恵,n
後難,n
後腐れ,n
御の字,p
御機嫌,p
御言葉,p
御支援,p
御神火,p
御難,n
御免,n
御利益,p
悟り,p
悟性,p
語学力,p
語弊,n
語彙力,p
誤り,n
誤解,n
誤記,n
誤差,n
誤算,n
誤字,n
誤字脱字,n
誤植,n
誤信,n
誤審,n
誤断,n
誤認,n
誤爆,n
誤謬,n
誤報,n
誤訳,n
誤用,n
護摩の灰,n
乞食,n
交じらい,p
交わり,p
交誼,p
交通安全,p
交通混雑,n
交通死亡事故,n
交通事故,n
交通渋滞,n
交通戦争,n
交通麻痺,n
交友,p
交遊,p
交流,p
光,p
光栄,p
光化学スモッグ,n
光害,n
光沢,p
光熱費,n
光明,p
光量,p
公益,p
公益性,p
公害,n
公害問題,n
公共心,p
公共性,p
公衆衛生,p
公傷,n
公正,p
公正さ,p
公徳,p
公表,?p?n
公平,p
公平さ,p
公平性,p
公明,p
公明正大,p
功,p
功績,p
功徳,p
効き目,p
効果,p
効果的,p
効験,p
効能,p
効用,p
効率,p
効率性,p
効力,p
厚意,p
厚誼,p
厚志,p
厚情,p
厚生,p
厚生年金,p
口げんか,n
口喧嘩,n
口呼吸,n
口臭,n
口蹄疫,n
口内炎,n
口腹,p
口癖,n
口論,n
向こう意気,n
向上,p
向上心,p
向心力,p
垢,n
好き,p
好き嫌い,n
好き勝手,n
好き放題,n
好み,p
好意,p
好印象,p
好運,p
好学,p
好感,p
好感度,p
好奇,p
好奇心,p
好機,p
好誼,p
好況,p
好景気,p
好結果,p
好個,p
好事,p
好人物,p
好成績,p
好打,p
好男子,p
好調,p
好調さ,p
好敵手,p
好転,p
好都合,p
好投,p
好評,p
好捕,p
好味,p
孝行,p
孝養,p
工賃,p
巧み,p
巧者,p
巧打,p
巧妙,p
幸,p
幸い,p
幸せ,p
幸せ・仕合わせ,p
幸せ感,p
幸運,p
幸運・好運,p
幸甚,p
幸福,p
幸福感,p
広がり,p
広さ,p
広め,p
慌ただしさ,n
抗議,n
抗戦,n
抗争,n
抗張力,p
拘束,n
拘泥,n
拘留,n
控え目,p
控訴,n
攻め,p
攻撃力,p
攻勢,n
更新意欲,p
更生,p
更迭,n
更年期,n
更年期障害,n
構成力,p
構想力,p
洪恩,p
洪水,n
皇帝,p
硬直,n
硬派,p
稿,n
考え違い,n
航空機事故,n
荒々しさ,n
荒さ,n
荒れ野,n
荒仕事,n
荒唐無稽,n
荒波,n
荒廃,n
荒蕪,n
行き過ぎ,n
行き詰まり,n
行き悩み,n
行刑,n
行動力,p
行方不明者,n
行旅病者,n
行路病者,n
講師,p
貢献,p
購入意欲,p
購買意欲,p
購買力,p
酵素,p
降灰,n
降格,n
降板,n
香り,p
高恩,p
高恩・洪恩,p
高音質,p
高価,p
高可用性,p
高画質,p
高機能,p
高誼,p
高級,p
高級感,p
高給,p
高血圧,n
高血圧症,n
高効率化,p
高校生活,p
高山病,n
高脂血症,n
高信号,p
高性能,p
高精度,p
高僧,p
高速,p
高速性,p
高値,?p?n
高点,p
高度,p
高度医療,p
高等,p
高騰,n
高得点,p
高徳,p
高熱,n
高庇,p
高評,p
高品質,p
高率,p
剛,p
剛の者,p
剛球,p
剛球・豪球,p
剛強,p
剛性,p
剛直,p
合格,p
合格者,p
合格者数,p
合併症,n
合理,p
合理性,p
合理的,p
拷問,n
豪華,p
豪華さ,p
豪華キャスト,p
豪華賞品,p
豪快,p
豪球,p
豪傑,p
豪速球,p
克己,n
克服,p
告発,n
国運,p
国益,p
国家主権,n
国外追放,n
国禁,n
国交,p
国際競争力,p
国際交流,p
国際人,p
国際性,p
国際的視野,p
国事犯,n
国難,n
国力,p
酷寒,n
酷刑,n
酷使,n
酷暑,n
酷評,n
黒ずみ,n
黒煙,n
黒字,p
黒星,n
黒内障,n
黒変,n
黒幕,n
獄,n
獄中,n
腰痛,n
骨,n
骨惜しみ,n
骨折,n
骨粗鬆症,n
骨董,p
骨肉の争い,n
困却,n
困窮,n
困苦,n
困難,n
困難さ,n
困難性,n
困惑,n
困憊,n
婚約,p
恨,n
恨み,n
恨みっこ,n
恨みつらみ,n
恨めしさ,n
恨事,n
懇意,p
懇願,n
懇志,p
懇情,p
懇親,p
昏倒,n
根なし,n
根気,p
根拠,p
根強さ,p
根性,p
根腐れ,n
根本原因,n
混じり,p
混じり気,n
混雑,n
混信,n
混戦,n
混濁,n
混沌,n
混入,n
混乱,n
魂,p
些事,n
左うちわ,p
左利き,n
差,n
差し込み,n
差し支え,n
差し障り,n
差し戻し,n
差押,n
差別,n
差別意識,n
砂金,p
詐欺,n
鎖国,n
坐骨神経痛,n
座礁,n
挫折,n
挫折感,n
債券,n
債権,n
債権放棄,n
債務,n
債務超過,n
再起,p
再興,p
再現性,p
再生,p
再生能力,p
再生不良性貧血,n
再選,p
再燃,p
再発,n
再発率,n
再犯,n
最愛,p
最悪,n
最期,n
最強,p
最高,p
最高記録,p
最高得点,p
最小限,n
最新,p
最盛,p
最善,p
最大限,p
最低,n
最適,p
最適化,p
最良,p
彩り,p
才,p
才気,p
才子,p
才俊,p
才女,p
才色兼備,p
才人,p
才知,p
才能,p
才媛,p
才物,p
才力,p
採用,p
採用数,p
採用枠,p
済度,p
災,n
災い,n
災禍,n
災害,n
災難,n
災厄,n
祭日,p
細やか,p
細菌,n
細菌感染,n
細事,n
細身,p
在庫切れ,n
在宅医療,p
罪,n
罪悪,n
罪悪感,n
罪科,n
罪過,n
罪業,n
罪障,n
罪状,n
罪深さ,n
財源,p
財産刑,n
財政危機,n
財政再建,p
財政支援,p
財政赤字,n
財政措置,p
財政難,n
財政力,p
財宝,p
財力,p
冴え,p
阪神淡路大震災,n
作り,p
作り事,n
作り笑い,n
作り声,n
作り話,n
作為,n
作業効率,p
搾取,n
錯誤,n
擦り傷,n
擦過傷,n
殺し,n
殺意,n
殺害,n
殺気,n
殺菌,p
殺人,n
殺人鬼,n
殺人罪,n
殺人事件,n
殺人未遂,n
殺人容疑,n
殺生,n
殺風景,n
殺戮,n
雑音,n
雑菌,n
雑言,n
雑事,n
雑念,n
雑報,n
雑務,n
雑役,n
雑用,n
錆,n
三すくみ,n
三悪道,n
三景,p
三国一,p
三振,n
三嘆,p
三哲,p
三流,n
参加者,p
参会,p
山火事,n
山気,n
山紫水明,p
山賊,n
惨め,n
惨禍,n
惨害,n
惨苦,n
惨劇,n
惨事,n
惨状,n
惨敗,n
惨落,n
散逸,n
散財,n
散策,p
散散,n
散歩,p
散漫,n
散乱,n
産みの苦しみ,n
産業,p
産業廃棄物,n
賛意,p
賛仰,p
賛辞,p
賛助,p
賛嘆,p
賛同,p
賛美,p
酸,n
酸欠,n
酸欠状態,n
酸性雨,n
酸素不足,n
斬撃,n
斬新さ,p
残虐,n
残虐行為,n
残業,n
残酷,n
残酷さ,n
残暑,n
残暑見舞い,p
残敵,n
残党,n
残念,n
仕合わせ,p
仕打ち,n
仕置き,n
仕返し,n
使いすぎ,n
使い勝手,p
使役,n
使用感,n
使用制限,n
使用頻度,p
使用料,n
使用量,p
刺客,n
刺傷,n
史実,p
四恩,p
四季折々,p
四苦八苦,n
四聖,p
士気,p
始まり,p
始末,n
始末書,n
子育て支援,p
子宮筋腫,n
子宮内膜症,n
子供っぽさ,n
子供らしさ,p
子守歌,p
子種,p
子孫繁栄,p
屍,n
市街戦,n
市場シェア,p
師恩,p
師匠,p
志,p
志なかば,n
志気,p
志操,p
思いやり,p
思い違い,n
思い過ごし,n
思い込み,n
思い出,p
思い切り,p
思案投げ首,n
思考能力,p
思考力,p
指しゃぶり,n
指針,p
指摘,n
指導者,p
指導力,p
支え,p
支援,p
支援体制,p
支給,p
支持,p
支出,n
支障,n
支配,n
支配権,p
支配力,p
支離滅裂,n
旨さ,p
旨み,p
旨味,p
枝毛,n
枝葉末節,n
死,n
死に場所,n
死に神,n
死に体,n
死骸,n
死角,n
死期,n
死球,n
死去,n
死刑,n
死刑判決,n
死語,n
死罪,n
死産,n
死者,n
死出の旅,n
死傷者,n
死人,n
死線,n
死相,n
死体,n
死地,n
死闘,n
死病,n
死亡,n
死亡者,n
死没,n
死魔,n
死滅,n
死霊,n
獅子奮迅,p
私怨,n
私曲,n
私恨,n
私傷,n
私情,n
私徳,p
紙詰まり,n
紫班病,n
脂肪,n
脂肪肝,n
至れり尽くせり,p
至極,p
至芸,p
至上,p
至情,p
至難の業,n
至福,p
至妙,p
視覚障害,n
視線,n
視野,p
視野狭窄,n
視力,p
視力障害,n
視力低下,n
詩興,p
詩情,p
試験,n
資金,p
資金援助,p
資金繰り,n
資金需要,p
資金難,n
資金不足,n
資源,p
資産,p
資質,p
資本,p
資本力,p
資力,p
雌伏,n
歯がゆさ,n
歯ぎしり,n
歯ごたえ,p
歯垢,n
歯周病,n
歯石,n
歯槽膿漏,n
歯痛,n
歯肉炎,n
事件,n
事件事故,n
事故,n
事故死,n
事故等,n
事故発生,n
事後承諾,n
事細か,p
事実,p
事実誤認,n
事実無根,n
事態,n
事犯,n
事変,n
似非,n
児童ポルノ,n
児童虐待,n
児童買春,n
慈しみ,p
慈愛,p
慈悲,p
慈悲深さ,p
持ち金,p
持ち逃げ,n
持ち味,p
持久力,p
持続,p
持続性,p
持病,n
時間不足,n
時限爆弾,o
時効,n
時差,n
時差ぼけ,n
時差ボケ,n
時事ネタ,p
時代錯誤,n
時代遅れ,n
次善,p
次男,n
治安,p
治癒,p
治療効果,p
痔,n
痔核,n
痔瘻,n
耳下腺炎,n
耳障り,n
耳鳴り,n
自意識,p
自家中毒,n
自家撞着,p
自我,p
自覚,p
自覚症状,p
自棄,n
自虐,n
自虐史観,n
自彊,p
自業自得,n
自己管理能力,p
自己犠牲,n
自己教育力,p
自己決定権,p
自己決定能力,p
自己嫌悪,n
自己治癒力,p
自己表現力,p
自己矛盾,n
自己免疫疾患,n
自在,p
自作自演,n
自殺,n
自殺者,n
自殺点,n
自治権,p
自室,p
自主,p
自主回収,n
自主財源,p
自主性,p
自主性自律性,p
自重,p
自粛,n
自信,p
自然光,p
自然災害,n
自然治癒力,p
自然食,p
自然体,p
自然淘汰,p
自然破壊,n
自尊心,p
自損,n
自堕落,n
自動車事故,n
自爆,n
自爆テロ,n
自爆攻撃,n
自発性,p
自負心,p
自分らしさ,p
自分勝手,n
自閉症,n
自暴自棄,n
自慢,?p?n
自明,p
自由,p
自由刑,n
自由自在,p
自由度,p
自律神経失調症,n
自律性,p
自立,p
自立心,p
自立性,p
辞意,n
識字力,p
識別力,p
七難,n
七難八苦,n
七面倒,n
叱声,n
叱責,n
叱咤,n
執心,n
執着,n
執念,n
執拗,n
失意,n
失格,n
失脚,n
失業,n
失業給付,p
失業者,n
失敬,n
失血,n
失言,n
失語症,n
失効,n
失策,n
失笑,n
失心,n
失神,n
失神・失心,n
失政,n
失速,n
失態,n
失着,n
失調,n
失点,n
失投,n
失当,n
失敗,n
失望,n
失望感,n
失明,n
失礼,n
失恋,n
嫉視,n
嫉妬,n
湿疹,n
疾患,n
疾走感,p
疾病,n
疾風,p
質,p
質感,p
質実,p
質的向上,p
質朴,p
質問攻め,n
実,p
実り,p
実益,p
実害,n
実刑,n
実現,p
実効,p
実効性,p
実行速度,p
実行力,p
実績,p
実践力,p
実損,n
実務能力,p
実用性,p
実利,p
実力,p
実力者,p
実力主義,p
実力派,p
実例,p
実話,p
捨て鉢,n
煮汁,p
社会性,p
社会正義,p
社会的合意,p
社会的弱者,n
社会的地位,p
社会的評価,p
社会不安,n
謝意,p
謝恩,p
謝礼,p
車上荒らし,n
車酔い,n
遮断,n
蛇行,n
邪,n
邪悪,n
邪気,n
邪鬼,n
邪曲,n
邪見,n
邪推,n
邪知,n
邪念,n
邪魔,n
邪魔者,n
邪魔物,n
邪魔物・邪魔者,n
邪魔立て,n
邪欲,n
邪恋,n
借り,n
借金,n
借財,n
釈迦,p
若々しさ,p
若さ,p
若気の過ち,n
若気の至り,n
若者,p
若返り,p
若葉マーク,n
寂,n
寂しさ,n
寂声,n
寂滅,n
寂寥,n
寂寥感,n
弱,n
弱さ,n
弱み,n
弱音,n
弱化,n
弱気,n
弱腰,n
弱者,n
弱小,n
弱体,n
弱敵,n
弱点,n
主恩,p
主罪,n
主従,n
主従関係,p
主神,p
主題歌,p
主導権争い,n
取りこぼし,n
取り越し苦労,n
取り消し,n
取り柄,p
取引,n
取消,n
取締役,p
守備力,p
手がかり,p
手ごたえ,p
手だれ,p
手ブレ,n
手違い,n
手一杯,n
手掛かり,p
手間,n
手詰まり,n
手軽,p
手軽さ,p
手口,n
手向かい,n
手込め,n
手頃,p
手術,?p?n
手助け,p
手錠,n
手数,n
手数料,n
手前勝手,n
手造り,p
手足口病,n
手段,p
手遅れ,n
手刀,n
手抜かり,n
手抜き,n
手不足,n
手柄,p
手癖,n
手落ち,n
手利き,p
手練,p
手腕,p
殊勝,p
種切れ,n
種類,?e
腫,n
腫れ,n
腫れ物,n
腫脹,n
腫物,n
腫瘍,n
趣,p
趣き,p
趣向,p
酒飲み,n
酒気,n
酒色,n
酒癖,n
酒乱,n
首吊り,n
受給,p
受験競争,n
受験戦争,n
受賞,p
受動喫煙,n
受難,n
受領,p
呪,n
呪い,n
呪術,n
呪縛,n
呪詛,n
寿,p
授賞式,p
樹海,n
需給,p
需要,p
囚人,n
収益,p
収益性,p
収益力,p
収穫,p
収穫期,p
収穫祭,p
収入,p
収容所,n
収攬,p
周到,p
周密,p
就職難,n
修好,p
修好・修交,p
修士,p
修正箇所,n
修正点,n
修羅,n
修羅場,n
愁い,n
愁い・愁え,n
愁え,n
愁傷,n
愁訴,n
愁嘆,n
愁悲,n
秀,p
秀逸,p
秀才,p
秀作,p
秀抜,p
秀美,p
秋気,n
終焉,n
習得,p
臭さ,n
臭気,n
臭味,n
襲撃,n
集団感染,n
集中砲火,n
集中力,p
醜,n
醜さ,n
醜悪,n
醜行,n
醜女,n
醜態,n
醜聞,n
醜名,n
住宅ローン,n
住宅難,n
充血,n
充実,p
充実感,p
充足,p
十全,p
十二指腸潰瘍,n
十二分,p
十分,p
従順,p
従順・柔順,p
柔,n
柔らかさ,p
柔順,p
柔軟,p
柔軟さ,p
柔軟性,p
柔和,p
渋さ,p
渋み,n
渋め,p
渋滞,n
獣,n
獣欲,n
縦割り,n
縦割り行政,n
重し,n
重圧,n
重恩,p
重荷,n
重過失,n
重患,n
重苦しさ,n
重刑,n
重厚,p
重厚さ,p
重罪,n
重重,p
重傷,n
重症,n
重症化,n
重症急性呼吸器症候群,n
重税,n
重体,n
重態,n
重態・重体,n
重大事件,n
重大事故,n
重点化,p
重度,n
重篤,n
重罰,n
重犯,n
重病,n
重複,n
重宝,p
重宝・調法,p
重量感,p
重労働,n
銃撃,n
銃撃戦,n
夙成,p
宿怨,n
宿題,n
宿敵,n
宿便,n
淑徳,p
祝い,p
祝意,p
祝賀,p
祝儀,p
祝言,p
祝辞,p
祝勝,p
祝福,p
粛正,n
粛清,n
熟練,p
熟練者,p
出っ歯,n
出荷量,p
出過ぎ,n
出会い,p
出血多量,n
出血量,n
出資,p
出場停止,n
出色,p
出水,n
出世,p
出世作,p
出遅れ,n
出入り禁止,n
出番,p
出費,n
出不精,n
出癖,n
出来,p
出来過ぎ,n
出来損ない,n
出来物,n
出藍の誉れ,p
俊,p
俊英,p
俊傑,p
俊才,p
俊才・駿才,p
俊秀,p
俊足,p
春,p
春らしさ,p
春情,n
春風駘蕩,p
瞬発力,p
駿才,p
循環障害,n
旬,p
殉教者,n
準備不足,n
準優勝,p
潤い,p
潤滑,p
潤沢,p
純愛,p
純潔,p
純情,p
純真,p
純真無垢,p
純粋,p
純粋さ,p
純正,p
純朴,p
遵守,p
醇美,p
順調,p
順良,p
処罰,n
処分,n
処理速度,p
処理能力,p
処理落ち,n
初々しさ,p
初学者,n
初感染,n
初勝利,p
初体験,p
初犯,n
初恋,p
所持金,p
所得,p
所払い,n
所領,p
暑さ,n
書き込みエラー,n
書き込み数,p
書き味,p
助け,p
助け船,p
助成金,p
助長,n
叙情性,p
女の子らしさ,p
女らしさ,p
女傑,p
女性らしさ,p
女性差別,n
女日照り,n
女癖,n
女冥利,p
除名,n
傷,n
傷だらけ,n
傷み,n
傷害,n
傷害事件,n
傷害致死,n
傷口,n
傷痕,n
傷者,n
傷心,n
傷跡,n
傷病,n
傷病兵,n
勝ち,p
勝ち越し,p
勝ち残り,p
勝ち戦,p
勝運,p
勝機,p
勝者,p
勝手,n
勝手気まま,n
勝手次第,n
勝負強さ,p
勝報,p
勝利,p
勝率,p
匠,p
商運,p
商況,p
商業主義,n
商取引,p
商売繁盛,p
商品価値,p
商品券,p
奨励金,p
奨励賞,p
将軍,p
将来,p
将来性,p
将来不安,n
小じわ,n
小過,n
小技,p
小競り合い,n
小型,p
小型軽量,p
小径,n
小遣い,p
小言,n
小細工,n
小事,n
小太り,n
小敵,n
小難,n
小物,n
小変,n
小味,n
少年犯罪,n
床ずれ,n
招待券,p
掌握,p
昇進,p
消化不良,n
消極,n
消失,n
消沈,n
消費者被害,n
消費電力,n
消耗,n
消耗戦,n
焼きたて,p
焼きもち,n
焼ける,a
焼失,n
焦り,n
焦燥,n
焦燥感,n
焦眉の急,n
症,n
症候群,n
症例,n
省エネ,p
省エネルギー,p
省スペース,p
省スペース性,p
称号,p
称賛,p
称美,p
称揚,p
称揚・賞揚,p
笑い,p
笑い顔,p
笑い事,p
笑い声,p
笑み,p
笑顔,p
笑声,p
衝撃,n
衝撃波,n
衝動,n
衝突,n
象皮病,n
賞,p
賞金,p
賞賛,p
賞賛・称賛,p
賞状,p
賞美,p
賞美・称美,p
賞品,p
賞揚,p
鍾愛,p
障り,n
障害,n
障害基礎年金,p
障碍,n
障壁,n
上の上,p
上り調子,p
上機嫌,p
上向き,p
上作,p
上質,p
上質感,p
上手,p
上手さ,p
上達,p
上品,p
上品さ,p
丈夫,p
丈夫さ,p
乗り物酔い,n
冗談,n
場つなぎ,n
場違い,n
場所ふさぎ,n
場打て,n
常識,p
常識外れ,n
常識的,p
常勝,p
情,p
情けなさ,n
情け知らず,n
情け無用,n
情愛,p
情感,p
情誼,p
情合い,p
情緒,p
情緒障害,n
情痴,n
情熱,p
情報,p
情報活用能力,p
情報処理能力,p
情報操作,n
情報不足,n
情報満載,p
情報漏洩,n
情欲,n
擾乱,n
条理,p
浄財,p
浄土,p
状態異常,n
蒸し暑さ,n
蒸し返し,n
植民地化,n
植民地支配,n
職業能力,p
職人,p
職人芸,p
色っぽさ,p
色覚異常,n
色感,p
色気,p
色彩,p
色彩感覚,p
色女,p
色情,n
色鮮やか,p
色男,p
色調,p
色欲,n
色落ち,n
食い違い,n
食い過ぎ,n
食い気,p
食い合わせ,n
食い扶持,n
食い料,n
食べかす,n
食べすぎ,n
食べず嫌い,n
食べもの,p
食べ過ぎ,n
食わず嫌い,n
食感,p
食言,n
食思,p
食傷,n
食中毒,n
食中毒事件,n
食通,p
食当たり,n
食道がん,n
食道楽,p
食欲,p
食欲不振,n
食料不足,n
食糧難,n
食糧不足,n
伸びやか,p
伸び悩み,n
信,p
信義,p
信仰心,p
信実,p
信心,p
信念,p
信奉,p
信望,p
信用,p
信用,p
信用不安,n
信頼,p
信頼回復,p
信頼感,p
信頼関係,p
信頼性,p
信憑,p
信憑性,p
侵害,n
侵害行為,n
侵攻,n
侵食,n
侵入,n
侵入者,n
侵略,n
侵略行為,n
侵略戦争,n
寝たきり,n
寝たきり老人,n
寝ばれ,n
寝汗,n
寝言,n
寝不足,n
寝癖,n
寝坊,n
審美眼,p
心意気,p
心気症,n
心強さ,p
心筋梗塞,n
心懸かり,n
心遣い,p
心構え,p
心細さ,n
心残り,n
心疾患,n
心祝い,p
心神喪失,n
心神耗弱,n
心身症,n
心尽くし,p
心臓マヒ,n
心臓疾患,n
心臓発作,n
心臓病,n
心臓麻痺,n
心待ち,p
心地よさ,p
心地良さ,p
心置き,n
心痛,n
心停止,n
心得違い,n
心配,n
心配り,p
心配事,n
心配性,n
心拍数,n
心肥大,n
心不全,n
心服,p
心霊写真,n
心労,n
慎み,n
慎重さ,p
慎独,n
振興,p
新しさ,p
新鋭,p
新患,n
新歓,p
新規性,p
新型肺炎,n
新車,p
新鮮,p
新鮮さ,p
新鮮味,p
新築祝い,p
新陳代謝,p
新品,p
新味,p
新緑,p
森林破壊,n
森林浴,p
浸食,n
浸水,n
浸水被害,n
深さ,?p?n
深刻,n
深刻化,n
深謝,p
深甚,p
深憂,n
真,p
真価,p
真剣,p
真骨頂,p
真作,p
真似,n
真実,p
真実性,p
真実味,p
真情,p
真心,p
真髄,p
真善美,p
真打ち,p
真直ぐ,p
真面目,p
真理,p
神々しさ,p
神格,p
神器,p
神経過敏,n
神経質,n
神経症,n
神経症状,n
神経障害,n
神経衰弱,n
神経痛,n
神助,p
神性,p
神速,p
神智,p
神通力,p
神徳,p
神罰,n
神秘,p
神秘性,p
神品,p
神妙,p
神明,p
臣節,p
親しさ,p
親しみ,p
親の恩,p
親ぼく,p
親愛,p
親衛,p
親近感,p
親孝行,p
親心,p
親身,p
親切,p
親切さ,p
親善,p
親睦,p
親密,p
親密さ,p
親密感,p
親友,p
親類付き合い,p
親和,p
診療報酬,p
身から出たさび,n
身だしなみ,p
身の程,n
身軽,p
身勝手,n
身状,p
身体症状,n
身体障害,n
身売り,n
身方,p
身命,p
辛苦,n
辛口,n
辛酸,n
辛労,n
辛労辛苦,n
進運,p
進化,p
進捗,p
進展,p
進歩,p
進歩性,p
針,n
針のむしろ,n
針小棒大,n
震え,n
震災,n
震撼,n
震駭,n
人おじ,n
人ごみ,n
人でなし,n
人員,p
人員削減,n
人格,p
人間らしさ,p
人間嫌い,n
人間性,p
人間的魅力,p
人間味,p
人間力,p
人気,p
人気者,p
人気商品,p
人傑,p
人嫌い,n
人権,p
人権侵害,n
人権問題,n
人見知り,n
人交わり,p
人口減少,n
人工妊娠中絶,n
人混み,n
人妻,p
人材不足,n
人擦れ,p
人事不省,n
人手,p
人手不足,n
人種差別,n
人情,p
人情味,p
人身事故,n
人生,p
人的被害,n
人徳,p
人非人,n
人付き合い,p
人望,p
人命,p
人面獣心,n
人類愛,p
人類滅亡,n
人恋しさ,n
仁,p
仁愛,p
仁義,p
仁恵,p
仁慈,p
仁者,p
仁恕,p
仁徳,p
刃こぼれ,n
刃向かい,n
刃傷ざた,n
塵,n
塵肺,n
腎炎,n
腎機能障害,n
腎臓病,n
腎不全,n
腎盂炎,n
迅速,p
陣痛,n
靭性,p
図星,n
吹き出もの,n
吹き出物,n
推賞・推称,p
推薦,p
推薦状,p
推力,p
水ばれ,n
水アカ,n
水禍,n
水害,n
水垢,n
水子,n
水質汚染,n
水質汚濁,n
水腫,n
水虫,n
水痘,n
水頭症,n
水難,n
水難事故,n
水入らず,p
水入り,n
水不足,n
水膨れ,n
水没,n
水俣病,n
水漏れ,n
水疱,n
水疱瘡,n
睡眠障害,n
睡眠不足,n
粋,p
衰え,n
衰運,n
衰残,n
衰弱,n
衰退,n
衰微,n
衰亡,n
衰滅,n
随一,p
随喜,p
髄膜炎,n
崇,p
崇敬,p
崇拝,p
数奇,n
寸志,p
世界一,p
世界一周,p
世界支配,n
世界新,p
世界進出,p
世界戦争,n
世界大戦,n
世界平和,p
世間知らず,n
世襲,n
世俗,n
世評,p
凄さ,?p?n
凄艶,p
制圧,n
制球力,p
制裁,n
制止,n
制度疲労,n
制覇,p
制約,n
制約条件,n
勢い,p
勢力,p
勢力争い,n
征服,?p
性感染症,n
性根,p
性差別,n
性的興奮,n
性同一性障害,n
性能,p
性能低下,n
性犯罪,n
性病,n
性暴力,n
成果,p
成業,p
成功,p
成功者,p
成功体験,p
成功報酬,p
成就,p
成就感,p
成熟,p
成熟期,p
成人病,n
成績,p
成長,p
成長ぶり,p
成長性,p
成長力,p
成敗,n
成仏,p
政治犯,n
政治不信,n
政治腐敗,n
政略結婚,n
整合性,p
整備充実,p
星空,p
星目,n
晴れやか,p
晴れ晴れ,p
晴天,p
正,p
正しさ,p
正解,p
正確,p
正確さ,p
正確性,p
正規,p
正義,p
正義感,p
正月気分,p
正常,p
正調,p
正直,p
正当,p
正当化,n
正当性,p
正統,p
正統性,p
正銘,p
正論,p
清々しさ,p
清らか,p
清潔,p
清潔さ,p
清潔感,p
清純,p
清祥,p
清浄無垢,p
清水,p
清澄,p
清清,p
清楚,p
清貧,p
清流,p
清涼感,p
清冽,p
生,?e
生きがい,p
生き甲斐,p
生き残り,p
生き仏,p
生き返り,p
生まれ変わり,p
生み・産みの苦しみ,n
生みの苦しみ,n
生ゴミ,n
生意気,n
生育障害,n
生涯現役,p
生活苦,n
生活習慣病,n
生活難,n
生活排水,n
生活費,p
生活保護,p
生活力,p
生還,p
生気,p
生彩,p
生殺し,n
生産意欲,p
生産効率,p
生産性,p
生産能力,p
生産量,p
生産力,p
生臭さ,n
生殖機能,p
生存,p
生存者,p
生長,p
生徒たち,p
生命,p
生命力,p
生命倫理,p
生理痛,n
生理不順,n
生霊,n
盛り,p
盛りだくさん,p
盛り上がり,p
盛ん,p
盛運,p
盛況,p
盛者,p
盛大,p
精鋭,p
精華,p
精確,p
精気,p
精強,p
精巧,p
精神汚染,n
精神疾患,n
精神障害,n
精神性,p
精神的ダメージ,n
精神的苦痛,n
精神的疲労,n
精神病,n
精神分裂症,n
精神分裂病,n
精神崩壊,n
精神力,p
精進,p
精美,p
精密,p
精密さ,p
精妙,p
精力,p
精力絶倫,p
精力的,p
精励,p
精霊,p
精悍さ,p
精緻,p
聖,p
聖恩,p
聖賢,p
聖徳,p
聖母マリア,p
聖霊,p
声援,p
西哲,p
西南戦争,n
誠,p
誠意,p
誠実,p
誠実さ,p
逝去,n
青そこひ,n
青びょうたん,n
青鬼,n
青空,p
青臭さ,n
青春,p
青息,n
静,p
静か,?p?n
静かさ,p
静けさ,p
静穏,p
静粛性,p
静脈瘤,n
税収,p
税収入,p
税負担,n
脆さ,n
脆弱,n
惜敗,n
石油ショック,n
石油危機,n
積怨,n
積極的,p
脊髄カリエス,n
責,n
責め苦,n
責任感,p
赤い羽根,p
赤錆,n
赤字,n
赤字経営,n
赤潮,n
赤点,n
赤貧,n
赤目,n
赤痢,n
切なさ,n
切り捨て,n
切り傷,n
切れ者,p
切れ端,n
切れ味,p
切実,n
切迫,n
切腹,n
拙攻,n
拙作,n
接触不良,n
接着性,p
接点,p
摂食障害,n
折り合い,p
折り紙,p
折り紙付き,p
折檻,n
設定ミス,n
設備,p
窃取,n
窃盗,n
節義,p
節操,p
節度,p
説得力,p
説明不足,n
雪害,n
雪崩,n
雪盲,n
絶,n
絶佳,p
絶景,p
絶好,p
絶好調,p
絶賛,p
絶勝,p
絶息,n
絶対音感,p
絶頂,p
絶版,n
絶美,p
絶望,n
絶望感,n
絶望的,n
絶妙,p
絶命,n
絶滅,n
絶倫,p
舌禍,n
舌鼓,p
舌足らず,n
舌打ち,n
先覚者,p
先駆者,p
先見,p
先見の明,p
先見性,p
先賢,p
先行き不透明感,n
先細り,n
先勝,p
先進性,p
先制ゴール,p
先制パンチ,n
先制点,p
先太り,n
先哲,p
先入観,n
千辛万苦,n
千人力,p
千編一律,n
千慮の一失,n
占領,n
宣戦布告,n
専横,n
専門,p
専門医,p
専門性,p
専門知識,p
専門的知識,p
専門的能力,p
専門能力,p
戦意,p
戦果,p
戦火,n
戦禍,n
戦功,p
戦災,n
戦死,n
戦死者,n
戦勝,p
戦場,n
戦績,p
戦争,n
戦争責任,n
戦争犯罪,n
戦闘,n
戦闘能力,p
戦闘力,p
戦敗,n
戦犯,n
戦費,n
戦没,n
戦略性,p
戦力,p
浅見,n
浅知恵,n
洗浄力,p
洗練,p
煽り,n
穿鑿好き,n
繊細,p
繊細さ,p
船酔い,n
選り好み,n
選奨,p
遷化,n
鮮やか,p
鮮やかさ,p
鮮度,p
鮮明,p
鮮烈,p
前科,n
前進,p
前途,p
前立腺がん,n
前立腺癌,n
前立腺肥大,n
前立腺肥大症,n
善,p
善意,p
善行,p
善政,p
善戦,p
善美,p
漸騰,n
漸落,n
全壊,n
全快,p
全国制覇,p
全勝,p
全焼,o
全盛,p
全精力,p
全速,p
全速力,p
全損,n
全知,p
全知全能,p
全能,p
全敗,n
全滅,n
全面戦争,n
全力,p
疎外感,n
祖国統一,p
祖先,p
粗,n
粗さ,n
粗悪,n
粗忽,n
粗相,n
素質,p
素人,n
素晴らしさ,p
素早さ,p
素地,p
素直,p
素敵,p
素朴,p
素養,p
訴え,n
阻害,n
創意工夫,p
創業者,p
創見,p
創作意欲,p
創造性,p
創造力,p
倉庫荒し,n
喪失,n
喪失感,n
喪心,n
喪心・喪神,n
喪神,n
壮快,p
壮観,p
壮健,p
壮絶,n
壮美,p
奏功,p
奏効,p
爽やか,p
爽やかさ,p
爽快,p
爽快感,p
想い,p
想像力,p
操作性,p
早とちり,n
早期完成,p
早期実現,p
早期成立,p
早期発見,p
早期発見早期治療,p
早業,p
早口,n
早寝早起き,p
早退,n
早発性痴呆,n
早漏,n
巣窟,n
争,n
争い,n
争奪戦,n
争乱,n
相愛,p
相互依存関係,n
相互運用性,p
相思相愛,p
相乗効果,p
総すかん,n
総て,p
総なめ,p
総スカン,n
総攻撃,n
総合力,p
総崩れ,n
荘厳,p
荘厳さ,p
蒼白,n
走力,p
遭難,n
遭難者,n
霜害,n
騒がしさ,n
騒ぎ,n
騒音,n
騒動,n
騒乱,n
増産,p
増収,p
増水,n
増税,n
憎さ,n
憎しみ,n
憎まれ役,n
憎らしさ,n
憎悪,n
憎憎しさ,n
造反,n
即戦力,p
息の根,n
息苦しさ,n
息災,p
息吹,p
息切れ,n
束縛,n
足止め,n
足弱,n
足切り,n
足踏み,n
足踏み状態,n
足癖,n
足枷,n
速さ,p
速やか,p
速球,p
速効,p
速度低下,n
速報性,p
速力,p
俗,n
俗化,n
俗情,n
俗世,n
俗世間,n
俗念,n
賊,n
賊徒,n
続伸,n
続落,n
卒去,n
卒業資格,p
卒中,n
卒倒,n
存在意義,p
存在感,p
存生,p
尊さ,p
尊敬,p
尊厳,p
尊重,p
尊信,p
尊崇,p
損じ,n
損壊,n
損害,n
損害賠償,n
損害賠償責任,n
損失,n
損傷,n
他界,n
他殺,n
多機能,p
多血質,n
多幸,p
多彩,p
多謝,p
多重債務,n
多情仏心,p
多動,n
多尿,n
多忙,n
多面的機能,p
多様性,p
太っ腹,p
太りすぎ,n
太刀打ち,n
太平,p
太平楽,p
唾棄,n
堕落,n
惰性,n
惰性的,n
打ち間違い,n
打ち傷,n
打ち身,n
打ち切り,n
打撃,n
打算,n
打撲,n
打擲,n
駄スレ,n
駄作,n
駄文,n
駄目,n
駄目出し,n
体刑,n
体脂肪,n
体脂肪率,n
体重,n
体重増加,n
体調不良,n
体内時計,p
体罰,n
体力,p
体力気力,p
体力差,n
体力低下,n
体力不足,n
堆積,n
対応力,p
対岸の火事,n
対空砲火,n
対抗,n
対人恐怖,n
対人恐怖症,n
対陣,n
対立,n
耐圧,p
耐久性,p
耐久力,p
耐候性,p
耐衝撃性,p
耐食性,p
耐震性,p
耐水性,p
耐性,p
耐熱性,p
帯域幅,p
帯状疱疹,n
待ちぼうけ,n
待ち時間,n
怠け,n
怠け者,n
怠惰,n
怠慢,n
滞り,n
滞納,n
胎毒,n
袋叩き,n
退院祝い,p
退化,n
退会,n
退学,n
退屈,n
退行,n
退場処分,n
退色,n
退廃,n
退廃・頽廃,n
退部,n
退歩,n
逮捕,n
代謝,p
代償,n
代表作,p
代表選手,p
代役,p
台風,n
台無し,n
大げさ,n
大ざっぱ,n
大にぎわい,p
大まか,n
大ダメージ,n
大ヒット,p
大ブーイング,n
大悦,p
大往生,p
大恩,p
大家,p
大火災,n
大過,n
大怪我,n
大喝,n
大患,n
大間違い,n
大企業,p
大喜び,p
大器晩成,p
大気汚染,n
大飢饉,n
大儀,n
大技,p
大義,p
大吉,p
大虐殺,n
大逆,n
大泣き,n
大漁,p
大凶,n
大恐慌,n
大金,p
大袈裟,n
大型倒産,n
大慶,p
大喧嘩,n
大賢,p
大好き,p
大好評,p
大洪水,n
大国,p
大災害,n
大罪,n
大作,p
大雑把,n
大惨事,n
大仕事,p
大事,p
大事故,n
大自然,p
大失態,n
大失敗,n
大渋滞,n
大勝,p
大勝利,p
大笑い,p
大丈夫,p
大震災,n
大人物,p
大水,n
大水害,n
大成,p
大成功,p
大盛況,p
大聖,p
大切,p
大雪,n
大戦,n
大戦争,n
大損,n
大損害,n
大多数,p
大打撃,n
大胆,p
大胆さ,p
大地震,n
大腸がん,n
大腸ガン,n
大腸癌,n
大腸菌,n
大津波,n
大敵,n
大東亜戦争,n
大盗,n
大統領,p
大難,n
大破,n
大敗,n
大爆発,n
大盤石,p
大被害,n
大病,n
大風,n
大福,p
大物,p
大変,n
大便,n
大味,n
大迷惑,n
大目玉,n
大厄,n
大量失点,n
大力,p
大和魂,p
大和心,p
第１次世界大戦,n
第一次世界大戦,n
第一次大戦,n
第一人者,p
第一流,p
第二次世界大戦,n
第二次大戦,n
醍醐味,p
卓識,p
卓抜,p
濁り,n
濁る,a
叩き,n
達識,p
達者,p
達人,p
達成,p
達成感,p
奪い合い,n
奪回,p
脱臼,n
脱却,p
脱水症状,n
脱税,n
脱線,n
脱走,n
脱腸,n
脱法,n
脱落,n
脱落者,n
脱力感,n
脱輪,n
脱疽,n
棚卸し,n
丹青,p
丹毒,n
丹念,p
単調,n
単調さ,n
単独犯,n
嘆,n
嘆かわしさ,n
嘆き,n
嘆美,p
探求心,p
探究心,p
探検気分,p
淡彩,p
炭肺,n
短気,n
短所,n
短命,n
端役,n
胆汁質,n
胆石,n
誕生,p
誕生祝い,p
誕生石,p
誕生日,p
誕生日プレゼント,p
誕生日祝い,p
団結力,p
団欒,p
弾圧,n
弾力,p
弾力性,p
断トツ,p
断罪,n
断水,n
断絶,n
断線,n
断腸,n
断腸の思い,n
断熱性,p
断念,n
断片,n
断末魔,n
暖かさ,p
段違い,p
段差,n
男気,p
男嫌い,n
男手,p
男女共同参画,p
男女差,n
男女差別,n
男女同権,p
男女平等,p
男神,p
男前,p
男日照り,n
男冥利,p
談合,n
値ごろ,p
値下がり,?p?n
値上がり,?p?n
値上げ,n
値打ち,p
値段,n
値崩れ,n
知,p
知・智,p
知る権利,p
知恵,p
知恵袋,p
知行,p
知識,p
知識経験,p
知識人,p
知識不足,n
知性,p
知的,p
知的興奮,p
知的好奇心,p
知的所有権,p
知的障害,n
知徳,p
知能,p
知能犯,n
知名,p
知名度,p
知勇,p
知力,p
地ばれ,n
地位,p
地域格差,n
地域差,n
地域性,p
地域紛争,n
地下鉄サリン事件,n
地獄,n
地震,n
地盤沈下,n
地味,n
地雷,n
地力,p
恥,n
恥さらし,n
恥ずかしさ,n
恥辱,n
恥部,n
智,p
智恵,p
智慧,p
痴ほう,n
痴漢,n
痴漢行為,n
痴情,n
痴呆,n
痴呆症,n
痴話げんか,n
稚拙,n
置いてきぼり,n
置き引き,n
致死,n
致命,n
致命傷,n
遅さ,n
遅れ,n
遅ればせ,n
遅れ馳せ,n
遅延,n
遅刻,n
遅参,n
遅滞,n
遅知恵,n
竹林の七賢,p
蓄え,p
蓄積,n
蓄膿症,n
秩序,p
窒息,n
茶気,p
着道楽,n
中だるみ,n
中古,n
中止,n
中耳炎,n
中傷,n
中性脂肪,n
中絶,n
中断,n
中途,n
中途半端,n
中毒,n
中庸,p
中立性,p
仲間,p
仲間意識,p
仲人,p
仲直り,p
仲良し,p
忠義,p
忠勤,p
忠魂,p
忠実,p
忠心,p
忠誠,p
忠誠心,p
忠節,p
忠霊,p
昼夜逆転,n
注意,n
注意力,p
虫の息,n
虫刺され,n
虫歯,n
虫食い,n
虫垂炎,n
衷情,p
駐車違反,n
著作権違反,n
著作権侵害,n
著作権侵害行為,n
著名,p
著名人,p
貯金,p
丁重,p
丁寧,p
丁寧さ,p
凋落,n
寵愛,p
帳消し,p
帳消し,p
弔い,n
張り,p
張り合い,p
徴収,n
徴用,n
懲らしめ,n
懲戒,n
懲戒処分,n
懲罰,n
懲役,n
朝恩,p
朝鮮戦争,n
朝令暮改,n
聴き手,p
聴覚障害,n
聴力,p
聴力障害,n
腸カタル,n
腸チフス,n
腸炎,n
腸捻転症,n
腸閉塞,n
調法,p
調和,p
超過,n
超過料金,n
超人,p
超能力,p
長,p
長期欠席,n
長期入院,n
長欠,n
長持ち,p
長時間労働,n
長者,p
長寿,p
長寿命化,p
長所,p
長生,p
長生き,p
長逝,n
長打,p
長打力,p
長嘆,n
長命,p
鳥インフルエンザ,n
鳥害,n
鳥肌,n
鳥目,n
直撃弾,n
直線美,p
沈静,p
沈滞,n
沈滞ムード,n
沈着,n
沈没,n
沈淪,n
沈湎,n
珍しさ,p
珍奇,n
珍事,n
珍味,n
珍妙,n
珍無類,n
珍問,n
賃下げ,n
賃金,p
賃金格差,n
賃上げ,p
陳情,n
陳腐化,n
津波,n
墜落,n
墜落事故,n
椎間板ヘルニア,n
追いはぎ,n
追い上げ,n
追い立て,n
追っ手,n
追加効果,p
追加点,p
追加料金,n
追及,?p
追手,n
追突事故,n
痛,n
痛々しさ,n
痛さ,n
痛ましさ,n
痛み,n
痛快,p
痛感,n
痛苦,n
痛恨,n
痛恨事,n
痛手,n
痛心,n
痛打,n
痛嘆,n
痛罵,n
痛風,n
痛烈,n
痛哭,n
痛痒,n
通,p
通り魔,n
通貨危機,n
通気性,p
通勤ラッシュ,n
通行止め,n
通風,n
椿事,n
潰し,n
潰走,n
潰瘍,n
吊るし上げ,n
釣果,p
低コスト,p
低下,n
低価格,p
低血圧,n
低血圧症,n
低消費電力,p
低調,n
低迷,n
低迷期,n
低迷状態,n
低落,n
低利,n
停学,n
停学処分,n
停職,n
停戦,n
停滞,n
停滞感,n
停滞期,n
停電,n
停頓,n
貞潔,p
貞淑,p
貞節,p
貞操,p
定員割れ,n
定着,p
定番,p
定評,p
底上げ,p
底力,p
抵抗,n
抵抗感,n
抵抗勢力,n
抵抗性,p
抵抗力,p
提供,p
提携関係,p
程々,p
締め出し,n
締め付け,n
訂正箇所,n
泥,n
泥沼,n
泥沼化,n
泥水,n
泥酔状態,n
泥棒,n
泥流,n
摘発,n
敵,n
敵意,n
敵失,p
敵対,n
敵対心,n
敵兵,n
敵役,n
敵愾心,n
的外れ,n
的確,p
的中,p
適応性,p
適応力,p
適合,p
適材適所,p
適時打,p
適職,p
適性,p
適正,p
適切,p
適度,p
適任,p
適評,p
適法,p
適役,p
溺愛,n
溺死,n
哲学,p
徹底的,p
轍,n
鉄欠乏性貧血,n
鉄拳,n
鉄砲水,n
典麗,p
天にも昇る心地,p
天衣無縫,p
天恩,p
天下一,p
天下一品,p
天恵,p
天候不順,n
天皇杯,p
天国,p
天才,p
天災,n
天使,p
天助,p
天真爛漫,p
天然温泉,p
天然痘,n
天地神明,p
天敵,n
天道,p
天罰,n
天罰てきめん,n
天佑,p
天祐,p
天誅,n
店じまい,n
転嫁,n
転倒,n
転倒事故,n
転落,n
転落事故,n
点数,p
伝染,n
伝染病,n
伝線,n
伝統,p
伝統美,p
伝統文化,p
殿堂入り,p
田虫,n
電気ショック,n
電気代,n
電撃,n
電磁波,n
電池切れ,n
電波,n
電波障害,n
電力,p
電力危機,n
電話代,n
吐き気,n
吐血,n
吐息,n
吐瀉物,n
塗炭の苦しみ,n
妬心,n
徒刑,n
徒手空拳,n
徒費,n
徒労感,n
登校拒否,n
登仙,n
途上,n
都市機能,p
努力の結晶,p
努力義務,p
土気色,n
土砂災害,n
土砂崩れ,n
土産,p
土石流,n
土付かず,p
怒り,n
怒りっぽさ,n
怒気,n
怒号,n
怒声,n
怒鳴り声,n
倒壊,n
倒産,n
凍結,n
凍死,n
凍傷,n
凍瘡,n
島流し,n
悼み,n
投げやり,n
投棄,n
投獄,n
投資効率,p
投票権,p
東海地震,n
盗,n
盗み,n
盗み笑い,n
盗掘,n
盗作,n
盗人,n
盗賊,n
盗賊団,n
盗聴,n
盗電,n
盗難,n
盗難被害,n
盗犯,n
盗癖,n
当たり,p
当たり障り,n
当たり役,p
当意即妙,p
当座しのぎ,n
当選,p
当惑,n
痘瘡,n
等級,p
糖尿,n
糖尿病,n
統一感,p
統一性,p
統合失調症,n
逃避,n
逃避行,n
逃亡,n
逃亡生活,n
透明感,p
透明性,p
頭,?p?n
頭でっかち,n
頭痛,n
頭痛鉢巻き,n
頭脳,p
騰貴,n
騰落,n
闘気,p
闘魂,p
闘志,p
闘病生活,n
働き,p
働きかけ,p
働き過ぎ,n
動作速度,p
動作不良,n
動脈硬化,n
動脈硬化症,n
動脈瘤,n
動揺,n
動乱,n
動悸,n
同感,p
同慶,p
同時多発テロ,n
同病,n
同憂,n
憧憬,p
撞着,p
洞察力,p
童貞,n
胴間声,n
道化役,n
道義,p
道草,?p?n
道徳,p
道徳性,p
道半ば,n
得,p
得るところ,p
得意,p
得策,p
得手,p
得手勝手,n
得点,p
得点力,p
得票,p
得分,p
得分・徳分,p
得用,p
徳,p
徳義,p
徳性,p
徳操,p
徳分,p
徳用,p
徳用・得用,p
特技,p
特許,p
特恵,p
特権,p
特効,p
特攻,n
特質,p
特殊能力,p
特選,p
特段,p
特典,p
督励,p
篤学,p
篤志,p
毒,n
毒ガス,n
毒液,n
毒気,n
毒殺,n
毒状態,n
毒性,n
毒舌,n
毒素,n
毒電波,n
毒当たり,n
毒婦,n
毒霧,n
独裁,n
独裁者,n
独自性,p
独自路線,p
独善,n
独善的,n
独創性,p
独断,n
独立,p
独立心,p
独立性,p
独立独歩,p
読み癖,n
読解力,p
凸凹,n
突き,n
突き傷,n
突き目,n
頓挫,n
頓着,n
曇り声,n
鈍さ,n
鈍化,n
鈍感,n
鈍才,n
鈍痛,n
内ゲバ,n
内気,n
内祝言,p
内出血,n
内戦,n
内争,n
内臓脂肪,n
内臓疾患,n
内部結露,n
内部分裂,n
内紛,n
内憂外患,n
内乱,n
内輪げんか,n
内輪もめ,n
内輪争い,n
内訌,n
南国気分,p
軟弱,n
難,n
難解,n
難関,n
難儀,n
難局,n
難工事,n
難攻不落,p
難航,n
難産,n
難事,n
難渋,n
難所,n
難症,n
難色,n
難船,n
難題,n
難中の難事,n
難聴,n
難敵,n
難点,n
難度,n
難破,n
難病,n
難癖,n
難民,n
難問,n
二の足,n
二次感染,n
二次災害,n
二次障害,n
二次被害,n
二心,n
二日酔い,n
二枚舌,n
二枚目,p
二律背反,n
二流,n
賑やか,p
賑やかさ,p
賑わい,p
肉感,p
肉腫,n
肉食妻帯,n
肉体美,p
肉弾戦,n
肉欲,n
日光浴,p
日差し,p
日射病,n
日照不足,n
日清戦争,n
日中戦争,n
日本一,p
日本脳炎,n
乳がん,n
乳ガン,n
乳癌,n
乳腺炎,n
乳房炎,n
入り用,p
入寂,n
入定,n
入念,p
入滅,n
入力ミス,n
尿失禁,n
尿毒症,n
尿路結石,n
妊娠中毒症,n
忍,n
忍び笑い,n
忍耐力,p
認可,p
認識,p
認識不足,n
認証,p
認定,p
濡れ衣,n
猫かわいがり,p
猫なで声,n
猫背,n
熱愛,p
熱意,p
熱感,n
熱気,p
熱血,p
熱賛,p
熱射病,n
熱傷,n
熱心,p
熱戦,p
熱中症,n
熱病,n
熱暴走,n
熱量,p
年賀,p
年季,p
年金,p
年収,p
念入り,p
捻挫,n
燃焼,?e
粘り,p
粘り強さ,p
粘液質,n
粘着,n
悩ましさ,n
悩み,n
濃厚,?p?n
濃彩,p
濃霧,n
能,p
能力,p
脳こうそく,n
脳しんとう,n
脳溢血,n
脳炎,n
脳血管障害,n
脳血栓,n
脳梗塞,n
脳硬塞,n
脳挫傷,n
脳塞栓,n
脳死,n
脳腫瘍,n
脳充血,n
脳出血,n
脳症,n
脳障害,n
脳震盪,n
脳脊髄膜炎,n
脳卒中,n
脳内出血,n
脳軟化症,n
脳病,n
脳貧血,n
膿,n
膿腫,n
膿疱,n
膿瘍,n
覗き,n
覇気,p
波風,n
波瀾,n
破たん,n
破れ,n
破れかぶれ,n
破壊,n
破壊力,p
破戒,n
破顔一笑,p
破産,n
破傷風,n
破損,n
破綻,n
破断,n
破談,n
破調,n
破天荒,n
破片,n
破滅,n
破門,n
破約,n
破裂,n
罵声,n
罵倒,n
罵詈,n
罵詈雑言,n
罵詈讒謗,n
馬鹿,n
馬鹿馬鹿しさ,n
馬賊,n
馬力,p
俳優,p
廃り,n
廃液,n
廃棄物,n
廃業,n
廃校,n
廃止,n
廃疾,n
廃車,n
廃人,n
廃絶,n
廃退,n
廃部,n
廃物,n
排外主義,n
排気ガス,n
排水,n
排斥,n
排他性,n
排尿障害,n
排泄物,n
敗局,n
敗血症,n
敗残,n
敗者,n
敗績,n
敗戦,n
敗訴,n
敗走,n
敗退,n
敗報,n
敗北,n
敗北感,n
背筋力,p
背信,n
背痛,n
背徳,n
背負い投げ,n
背約,n
肺がん,n
肺ガン,n
肺炎,n
肺癌,n
肺気腫,n
肺結核,n
肺浸潤,n
肺水腫,n
肺病,n
配偶者特別控除,p
配当,p
配流,n
倍速,p
梅毒,n
煤煙,n
買春,n
売り上げ,p
売り切れ,n
売れ行き,p
売れ残り,n
売春,n
売笑,n
売上,p
売上げ,p
賠償,n
剥離,n
博愛,p
博雅,p
博学,p
博識,p
博聞,p
博覧強記,p
拍手,p
拍手喝采,p
白そこひ,n
白なまず,n
白煙,n
白血病,n
白砂青松,p
白濁,a
白痴,n
白内障,n
薄さ,n
薄ら笑い,n
薄幸,n
薄弱,n
薄笑い,n
薄情,n
薄氷を踏む思い,n
薄命,n
薄毛,n
迫害,n
迫真,p
迫力,p
迫力満点,p
爆撃,n
爆弾,n
爆弾テロ,n
爆発,n
爆発事故,n
爆風,n
爆裂,n
麦粒腫,n
肌あれ,n
肌トラブル,n
肌荒れ,n
八景,p
八幡,p
八方ふさがり,n
八方破れ,n
発火,n
発覚,n
発揮,p
発言力,p
発作,n
発症,n
発疹,n
発生,n
発想力,p
発達,p
発展,p
発展性,p
発熱,n
発病,n
罰,n
罰金,n
罰金刑,n
罰当たり,n
抜かり,n
抜け毛,n
抜群,p
判断ミス,n
判断能力,p
判断力,p
半壊,n
半殺し,n
半死,n
半死半生,n
半信半疑,n
半端,n
半病人,n
反感,n
反逆,n
反抗,n
反骨,p
反省点,n
反戦平和,p
反則,n
反体制,n
反対,n
反対運動,n
反吐,n
反騰,n
反発,n
反米感情,n
反目,n
反落,n
反乱,n
反論,n
叛乱,n
板の間稼ぎ,n
板挟み,n
氾濫,n
汎愛,p
汎用性,p
犯行,n
犯罪,n
犯罪行為,n
犯罪者,n
犯罪性,n
犯人,n
繁栄,p
繁華,p
繁盛,p
般若,n
販売中止,n
販路,p
煩い,n
煩わしさ,n
煩雑,n
煩多,n
煩悩,n
煩悶,n
煩瑣,n
晩成,p
蛮行,n
蛮声,n
匪賊,n
卑怯,n
卑屈,n
卑見,n
否,n
悲しさ,n
悲しみ,n
悲哀,n
悲運,n
悲観,n
悲観論,n
悲劇,n
悲惨,n
悲惨さ,n
悲愁,n
悲傷,n
悲壮感,n
悲嘆,n
悲痛,n
悲報,n
悲鳴,n
悲愴感,n
批判,n
批判精神,p
比翼連理,p
疲れ,n
疲れ目,n
疲弊,n
疲労,n
疲労感,n
疲労困憊,n
疲労度,n
疲憊,n
皮疹,n
皮肉,n
皮膚がん,n
皮膚炎,n
皮膚疾患,n
皮膚病,n
皮癬,n
肥大,n
肥満,n
被害,n
被害拡大,n
被害者,n
被害者意識,n
被害妄想,n
被虐,n
被災,n
被災地,n
被写界深度,p
被弾,n
被曝,n
被爆,n
被爆者,n
誹謗,n
誹謗中傷,n
費用,n
避難,n
非,n
非の打ちどころ,n
非運,n
非行,n
非合理,n
非常,n
非常事態,n
非常識,n
非情,n
非人,n
非人間的,n
非人情,n
非道,n
非難,n
非能率,n
非凡,p
非力,n
非礼,n
飛蚊症,n
飛距離,p
飛行機,p
飛散,n
備え,p
微罪,n
微笑み,p
微熱,n
眉目秀麗,p
美,p
美しさ,p
美果,p
美学,p
美観,p
美形,p
美景,p
美質,p
美女,p
美少女,p
美少年,p
美丈夫,p
美食,p
美人,p
美声,p
美男,p
美男子,p
美男美女,p
美的感覚,p
美点,p
美徳,p
美肌,p
美貌,p
美味,p
美味しさ,p
美妙,p
美名,p
美麗,p
鼻炎,n
鼻詰まり,n
鼻血,n
鼻水,n
鼻声,n
鼻息,n
鼻風邪,n
必備,p
必要性,?p?n
筆まめ,p
筆禍,n
筆不精,n
逼塞,n
逼迫,n
百人力,p
百戦百勝,p
百日ぜき,n
謬見,n
氷河期,n
漂流,n
表敬,p
表現能力,p
表現力,p
表示方法,n
表彰,p
表情,p
表徳,p
評点,p
評判,p
病,n
病い,n
病院,n
病臥,n
病害虫,n
病気,n
病気そのもの,n
病気欠席,n
病気等,n
病菌,n
病苦,n
病欠,n
病原菌,n
病原体,n
病妻,n
病児,n
病者,n
病弱,n
病床,n
病状,n
病身,n
病人,n
病巣,n
病夫,n
病婦,n
病癖,n
病変,n
病魔,n
病理,n
品,p
品位,p
品格,p
品質,p
品性,p
品切れ,n
品薄,n
品不足,n
瀕死,n
貧,n
貧しさ,n
貧窮,n
貧苦,n
貧血,n
貧困,n
貧者,n
貧弱,n
貧打,n
貧乏,n
貧乏くじ,n
貧乏神,n
貧乏性,n
貧乏生活,n
貧賤,n
頻尿,n
敏感,?p?n
敏捷,p
敏捷性,p
敏速,p
敏腕,p
不安,n
不安感,n
不安定,n
不安定さ,n
不案内,n
不一致,n
不運,n
不可,n
不可欠,p
不可能,n
不快,n
不快さ,n
不快感,n
不確か,n
不確かさ,n
不確実,n
不確定,n
不確定要素,n
不覚,n
不完全,n
不完全燃焼,n
不感症,n
不慣れ,n
不器用,n
不器量,n
不機嫌,n
不気味,n
不気味さ,n
不規則,n
不規律,n
不軌,n
不義,n
不義理,n
不吉,n
不急,n
不漁,n
不協和音,n
不況,n
不興,n
不均衡,n
不倶戴天,n
不倶戴天の敵,n
不具合,n
不遇,n
不屈,p
不敬,n
不景気,n
不経済,n
不潔,n
不健康,n
不健全,n
不公平,n
不公平感,n
不向き,n
不幸,n
不幸せ,n
不幸中の幸い,p
不行き届き,n
不行状,n
不行跡,n
不合格,n
不合理,n
不細工,n
不在,n
不作,n
不参,n
不参加,n
不賛成,n
不始末,n
不死,p
不死身,p
不治の病,n
不自然,n
不自然さ,n
不自由,n
不自由さ,n
不実,n
不手際,n
不十分,n
不十分さ,n
不祝儀,n
不出来,n
不純,n
不順,n
不所存,n
不祥,n
不祥事,n
不条理,n
不浄,n
不信,n
不信感,n
不信任,n
不審,n
不審者,n
不心得,n
不振,n
不親切,n
不身持ち,n
不人気,n
不人情,n
不成功,n
不整合,n
不整脈,n
不正,n
不正アクセス,n
不正確,n
不正行為,n
不正使用,n
不正利用,n
不精,n
不精・無精,n
不摂生,n
不戦勝,p
不全,n
不足,n
不足分,n
不仲,n
不注意,n
不調,n
不調法,n
不調法・無調法,n
不釣り合い,n
不貞,n
不定愁訴,n
不敵,n
不適格,n
不適任,n
不渡り,n
不都合,n
不当,n
不当労働行為,n
不透明さ,n
不動,p
不同沈下,n
不道徳,n
不得意,n
不得手,n
不徳,n
不徳義,n
不届き,n
不妊,n
不妊症,n
不熱心,n
不能,n
不敗,p
不備,n
不美人,n
不必要,n
不評,n
不評判,n
不品行,n
不風流,n
不服,n
不平,n
不平等,n
不平不満,n
不偏,p
不便,n
不便さ,n
不勉強,n
不法,n
不法行為,n
不法行為責任,n
不法侵入,n
不法滞在,n
不法投棄,n
不満,n
不満足,n
不満点,n
不味,n
不眠,n
不眠症,n
不名誉,n
不明確,n
不明点,n
不毛,n
不愉快,n
不用,n
不用意,n
不要,n
不利,n
不利益,n
不良,n
不良債権,n
不良債権処理,n
不良在庫,n
不倫,n
不老,p
不老長寿,p
不老不死,p
不和,n
不埒,n
不愍,n
不憫,n
不憫・不愍,n
不逞,n
付かぬ事,n
付き合い,p
付け,n
付け景気,n
夫婦げんか,n
夫婦喧嘩,n
婦女暴行,n
婦人病,n
婦徳,p
富,p
富強,p
富国,p
富国強兵,p
富力,p
布施,p
怖さ,n
怖気,n
普及,p
普遍性,p
浮き名,n
浮気,n
浮腫,n
腐臭,n
腐食,n
腐敗,n
負,n
負け,n
負けじ魂,p
負けん気,p
負け越し,n
負け犬,n
負け戦,n
負圧,n
負荷,n
負債,n
負傷,n
負傷者,n
負担,n
負担増,n
武,p
武運,p
武名,p
武勇,p
武勇伝,p
武力,p
部外者,n
部材,p
部品,n
部落差別,n
封殺,p
風雲児,p
風格,p
風光明媚,p
風合い,p
風災,n
風邪,n
風邪引き,n
風邪気,n
風邪気味,n
風邪声,n
風樹の嘆,n
風情,p
風疹,n
風水害,n
風潮,n
風評,p
風評被害,n
風味,p
風流,p
風流韻事,p
副作用,n
副賞,p
副鼻腔炎,n
復活,p
復帰,p
復権,p
復原力,p
復習,p
復調,p
服役,n
福,p
福の神,p
福運,p
福祉,p
福祉サービス,p
福徳,p
腹水,n
腹痛,n
腹膜炎,n
腹立たしさ,n
複雑性,n
複雑多岐,n
複製権,p
覆面,n
仏心,p
仏罰,n
物おじ,n
物もらい,n
物忌,n
物故,n
物寂しさ,n
物取り,n
物柔らか,p
物静か,p
物騒,n
物足りなさ,n
物知らず,n
物悲しさ,n
物忘れ,n
物憂さ,n
分け前,p
分析力,p
分損,n
分明,p
分裂症,n
分裂病,n
噴火,n
噴火口,n
噴飯,n
噴飯物,n
憤慨,n
憤懣,n
焚書,n
奮迅,p
奮励,p
糞,n
糞スレ,n
糞尿,n
糞便,n
紛糾,n
紛失,n
紛擾,n
紛争,n
雰囲気,p
文なし,n
文化,p
文化人,p
文句,n
文句なし,p
文字コード,n
文字化け,n
文殊の知恵,p
文章力,p
文人,p
文武両道,p
文名,p
聞き巧者,p
聞き上手,p
併殺,n
平安,p
平易,p
平穏,p
平気,p
平謝り,n
平手,n
平手打ち,n
平静,p
平静さ,p
平等,p
平等性,p
平凡,n
平明,p
平和,p
平和主義,p
平和的解決,p
弊害,n
閉館,n
閉業,n
閉口,n
閉校,n
閉鎖,n
閉鎖性,n
閉塞,n
閉塞感,n
閉塞状況,n
閉山,n
閉店,n
僻,n
僻見,n
壁,n
癖,n
別れ,n
別居,n
別段,p
別離,n
偏り,n
偏見,n
偏向,n
偏差,n
偏差値,p
偏執,n
偏執狂,n
偏執病,n
偏食,n
偏頭痛,n
変,n
変わり者,n
変異,n
変死,n
変事,n
変質,n
変色,n
変人,n
変態,n
変態性欲,n
変調,n
変動,n
変貌,?p?n
変約,n
片恨み,n
片手間,n
片田舎,n
片頭痛,n
片頭痛・偏頭痛,n
辺境,n
返り咲き,p
返還,p
返金,p
返済,p
返事,p
返信,p
便,p
便宜,p
便秘,n
便便,n
便利,p
便利さ,p
勉強時間,p
勉強不足,n
弁解,n
弁償,?p?n
弁膜症,n
保温,p
保温性,p
保菌者,n
保護,p
保持,p
保湿効果,p
保証,p
保証付き,p
保水力,p
保存性,p
捕虜収容所,n
歩み,p
補給,p
補充,p
補填,p
墓,n
墓地,n
母性愛,p
菩提心,p
包囲,n
包茎,n
包容力,p
呆気,n
呆然,n
報酬,p
報奨金,p
報道被害,n
報復,n
報復攻撃,n
奉加,p
奉祝,p
宝石,p
宝刀,p
宝物,p
峰打ち,n
崩れ,n
崩壊,n
崩御,n
崩落,n
放逸,n
放火魔,n
放射線,n
放射線障害,n
放射能,n
放射能汚染,n
放射能漏れ,n
放縦,n
放出,n
放送禁止,n
放置,n
放蕩,n
放漫,n
放浪,n
放恣,n
方向音痴,n
方法,p
法悦,p
法曹,p
法的根拠,p
法典,p
法難,n
法律違反,n
法力,p
砲弾,n
芳志,p
芳醇,p
芳情,p
蜂,n
豊か,p
豊かさ,p
豊艶,p
豊漁,p
豊作,p
豊穣,p
豊年,p
豊年満作,p
豊富,p
豊麗,p
豊饒,p
飽き,n
飽き性,n
飽き飽き,n
飽満,p
乏しさ,n
亡骸,n
亡魂,n
亡失,n
亡羊の嘆,n
亡霊,n
傍若無人,n
妨げ,n
妨害,n
忘れ,n
忘れ物,n
忘失,n
暴圧,n
暴漢,n
暴虐,n
暴挙,n
暴君,n
暴言,n
暴行,n
暴行事件,n
暴状,n
暴走,n
暴走行為,n
暴走族,n
暴徒,n
暴投,n
暴騰,n
暴動,n
暴発,n
暴評,n
暴風,n
暴落,n
暴力,n
暴力行為,n
暴力沙汰,n
暴力事件,n
暴力性,n
暴力団,n
暴露,n
暴論,n
望み,p
望洋の嘆,n
棒下げ,n
棒上げ,n
冒険心,p
膨満,n
謀反,n
貿易赤字,n
貿易摩擦,n
防御力,p
防止,p
防水性,p
朴訥,p
勃興,p
没,n
没落,n
奔騰,n
本格,p
本気,p
本然,p
本尊,p
本調子,p
本当,p
本病,n
本物,p
本分,p
本塁打,p
凡ミス,n
凡作,n
凡戦,n
凡打,n
凡退,n
磨耗,n
魔,n
魔手,n
魔女狩り,n
魔神,n
魔人,n
魔性,n
魔族,n
魔物,n
魔羅,n
麻疹,n
麻薬,n
麻痺,n
末期,n
末期ガン,n
末期癌,n
末期症状,n
末広がり,p
万引,n
万引き,n
万死,n
万謝,p
万全,p
万難,n
万能,p
万病,n
万福,p
万万歳,p
慢性,n
慢性肝炎,n
慢性関節リウマチ,n
慢性疾患,n
慢性病,n
満悦,p
満開,p
満喫,p
満載,p
満作,p
満室,n
満州事変,n
満身創痍,n
満席,?p?n
満足,p
満足感,p
満足度,p
満点,p
満腹,p
満腹感,p
満塁,p
漫然,n
漫罵,n
蔓延,n
味,p
味わい,p
味覚,p
味方,p
味方・身方,p
未完成,n
未熟,n
未熟さ,n
未熟者,n
未納,n
未病,n
未来,p
未練,n
魅,p
魅了,p
魅力,p
妙案,p
妙技,p
妙手,p
民主化,p
民族差別,n
眠さ,n
眠たさ,n
眠り,p
眠気,n
夢中遊行症,n
夢魔,n
夢遊病,n
夢寐,p
無愛想,n
無意味,n
無一物,n
無一文,n
無益,n
無遠慮,n
無害,p
無学,n
無機質,n
無気力,n
無軌道,n
無休,n
無限ループ,n
無呼吸,n
無呼吸症候群,n
無効,n
無垢,p
無彩色,n
無策,n
無雑作,n
無惨,n
無産,n
無残,n
無残・無惨,n
無視,n
無事,p
無事故,p
無慈悲,n
無邪気,p
無傷,p
無情,n
無心,p
無神経,n
無精,n
無責任,n
無節操,n
無銭,n
無造作,n
無造作・無雑作,n
無駄,n
無駄遣い,n
無駄使い,n
無断,n
無断リンク,n
無断使用,n
無知,n
無秩序,n
無茶,n
無茶苦茶,n
無調法,n
無敵,p
無念,n
無念さ,n
無念無想,n
無能,n
無能力,n
無敗,p
無筆,n
無病息災,p
無風流,n
無風流・不風流,n
無法,n
無謀,n
無防備,n
無名,n
無明,n
無目的,n
無様,n
無用,n
無理,n
無理難題,n
無料,p
無力,n
無力さ,n
無力感,n
無礼,n
矛盾,n
矛盾点,n
霧,n
冥加,p
冥福,n
冥利,p
名,p
名うて,p
名セリフ,p
名案,p
名医,p
名演,p
名家,p
名花,p
名曲,p
名言,p
名工,p
名作,p
名残,n
名残り,n
名手,p
名所,p
名勝,p
名勝負,p
名匠,p
名乗り,p
名場面,p
名人,p
名声,p
名代,p
名台詞,p
名店,p
名馬,p
名品,p
名物,p
名聞,p
名門,p
名誉,p
名誉毀損,n
名利,p
名流,p
命,p
命がけ,p
命取り,n
命終,n
命脈,p
命冥加,p
明るさ,p
明解,p
明快,p
明確,p
明鏡止水,p
明日,p
明明白白,p
明瞭,p
明瞭度,p
明朗,p
明媚,p
明晰,p
迷い,n
迷子,n
迷信,n
迷走,n
迷惑,n
迷惑メール,n
迷惑行為,n
迷惑電話,n
銘,p
滅失,n
滅亡,n
免疫,p
免疫機能,p
免疫不全,n
免疫力,p
免許皆伝,p
面汚し,n
面倒,n
面罵,n
面白さ,p
面白み,p
面白味,p
面目,p
面疔,n
妄執,n
妄信,n
妄想,n
妄念,n
妄評,n
毛嫌い,n
毛虫,n
猛威,n
猛火,n
猛暑,n
盲腸,n
盲腸炎,n
盲点,n
盲目,n
網膜症,n
網膜剥離,n
蒙昧,n
木くず,n
目くじら,n
目くらまし,n
目の上のこぶ,n
目の上のこぶ／のたんこぶ,n
目の上のたんこぶ,n
目の敵,n
目やに,n
目隠し,n
目詰まり,n
目障り,n
目切れ,n
目潰し,n
目的意識,p
目的達成,p
目途,p
目標,p
目標達成,p
目腐れ,n
目利き,p
目眩,n
尤物,p
問責,n
問題,n
問題意識,p
問題解決,p
問題解決能力,p
問題行動,n
問題点,n
悶絶,n
悶着,n
門違い,n
門前払い,n
夜泣き,n
夜叉,n
夜襲,n
夜盗,n
夜尿症,n
夜這い,n
夜盲症,n
夜遊び,n
野犬,n
野菜不足,n
野次,n
野次馬,n
野性味,p
野盗,n
野蛮,n
野放図,n
厄,n
厄介,n
厄難,n
役者が一枚上,p
役不足,n
薬禍,n
薬害エイズ,n
薬効,p
薬師如来,p
躍進,p
躍動感,p
愉悦,p
愉快,p
油汚れ,n
油膜,n
癒着,n
優,p
優しさ,p
優位,p
優位性,p
優越,p
優越感,p
優雅,p
優雅さ,p
優遇措置,p
優秀,p
優秀賞,p
優柔不断,n
優勝,p
優勝者,p
優勢,p
優男,n
優等,p
優美,p
優美さ,p
勇,p
勇み足,n
勇敢,p
勇気,p
勇健,p
勇者,p
勇戦,p
勇退,p
勇名,p
勇猛,p
勇躍,p
友愛,p
友誼,p
友好,p
友好関係,p
友好親善,p
友情,p
友人,p
友達,p
幽遠,p
幽寂,p
幽愁,n
幽邃,p
悠悠自適,p
憂,n
憂い・憂え,n
憂え,n
憂えなし,p
憂き目,n
憂さ,n
憂患,n
憂苦,n
憂国,n
憂愁,n
憂悶,n
憂慮,n
憂鬱,n
有り難さ,p
有意義,p
有益,p
有休,p
有給,p
有効,p
有効活用,n
有効性,p
有効成分,p
有効打,p
有彩色,p
有事,n
有識,p
有償,n
有情,p
有毒,n
有難さ,p
有望,p
有名,p
有名どころ,p
有名無実,n
有用,p
有用性,p
有利,p
有料,n
有力,p
有力選手,p
猶予期間,p
裕福,p
誘い,p
誘拐,n
誘拐事件,n
誘爆,n
遊び心,p
遊び人,n
遊惰,n
遊蕩,n
雄健,p
雄大,p
融和,p
予後,n
予防,p
予防措置,p
余栄,p
余寒,n
余罪,n
余震,n
余徳,p
余念,n
余波,n
余裕,p
余殃,n
誉れ,p
預貯金,p
幼弱,n
幼稚,n
妖しさ,n
妖怪,n
妖気,n
妖美,p
容易,p
容疑,n
容量不足,n
揺り返し,n
揺れ,n
様式美,p
溶岩流,n
用なし,n
用意周到,p
用済み,n
用途,p
羊頭狗肉,n
要,p
要なし,n
要なし・用なし,n
要求,n
要件,p
要職,p
陽,p
陽気,p
養分,p
抑圧,n
抑鬱,n
抑鬱症,n
欲,n
欲求不満,n
欲情,n
欲心,n
翼賛,p
羅刹,n
裸一貫,n
頼もしさ,p
雷,n
雷雨,n
雷撃,n
雷名,p
落ちつき,p
落ちる,a
落ち込み,n
落ち着き,p
落ち度,n
落ち目,n
落とし穴,n
落下,n
落果,n
落球,n
落伍,n
落伍・落後,n
落後,n
落差,n
落車,n
落書き,n
落石,n
落選,n
落胆,n
落馬,n
落盤,n
落命,n
落輪,n
落魄,n
乱れ,n
乱開発,n
乱獲,n
乱気流,n
乱撃,n
乱行,n
乱高下,n
乱雑,n
乱視,n
乱調,n
乱闘,n
乱発,n
乱発・濫発,n
乱費,n
乱費・濫費,n
乱文,n
乱暴,n
乱用,n
乱立,n
卵巣嚢腫,n
嵐,n
濫行,n
濫行・乱行,n
濫造,n
濫費,n
濫用,n
利,p
利運,p
利益,p
利益率,p
利回り,p
利権,p
利潤,p
利点,p
利得,p
利幅,p
利便,p
利便性,p
利用価値,p
利用権,p
利用効率,p
利用時間,p
利用者,p
利用条件,n
利用制限,n
利用頻度,p
理,p
理解,p
理解力,p
理屈抜き,p
理性,p
理想,p
理想郷,p
理知,p
理念,p
理不尽,n
理不尽さ,n
裏切り,n
裏切り者,n
離縁,n
離婚,n
離散,n
離脱症状,n
立ちくらみ,n
立ちすくみ,n
立ち往生,n
立体感,p
立派,p
略奪,n
流感,n
流刑,n
流血,n
流行り病,n
流行性感冒,n
流行病,n
流罪,n
流産,n
流出,n
流用,n
流謫,n
溜め息,n
留年,n
隆昌,p
隆盛,p
竜巻,n
旅行,p
旅行気分,p
旅情,p
旅疲れ,n
両全,p
両雄,p
両立,p
料金,n
梁上の君子,n
涼しげ,p
涼しさ,p
涼感,p
良,p
良さ,p
良縁,p
良型,p
良好,p
良材,p
良作,p
良識,p
良質,p
良心,p
良智良能,p
良能,p
良品,p
量,p
量感,p
量刑,n
力,p
力ずく,n
力強さ,p
力作,p
力戦,p
力闘,p
力不足,n
力編,p
力落とし,n
力量,p
緑内障,n
倫理,p
倫理観,p
淋しさ,n
淋菌,n
臨界,n
臨界事故,n
臨終,n
臨場感,p
輪禍,n
涙声,n
累犯,n
類焼,n
令名,p
冷え症,n
冷え性,n
冷たさ,n
冷ややか,n
冷夏,n
冷害,n
冷汗,n
冷血,n
冷血漢,n
冷笑,n
冷静,p
冷静さ,p
冷静沈着,p
冷戦,n
冷徹,p
冷罵,n
冷評,n
励まし,p
励み,p
礼儀,p
零点,n
零敗,p
零落,n
霊験,p
霊力,p
麗人,p
歴史文化,p
歴然,p
歴歴,p
列車事故,n
劣悪,n
劣化,n
劣化ウラン弾,n
劣弱,n
劣情,n
劣勢,n
劣性,n
劣等,n
劣等感,n
烈女,n
裂果,n
裂傷,n
廉価,p
恋しさ,p
恋愛,p
恋愛感情,p
恋情,p
恋心,p
恋人,p
恋人気分,p
恋着,p
恋煩い,n
恋風,p
練習不足,n
連休ぼけ,n
連鎖倒産,n
連勝,p
連戦連勝,p
連続攻撃,n
連続殺人事件,n
連続性,p
連打,n
連帯意識,p
連帯感,p
連覇,p
連敗,n
路上生活,n
路上駐車,n
露,n
露の命,n
露骨,n
露命,n
労,n
労咳,n
労苦,n
労災,n
労働意欲,p
労働災害,n
労働争議,n
労働力,p
労働力不足,n
朗色,p
朗報,p
浪人,n
浪人生活,n
浪費,n
漏り,n
漏れ,n
漏洩,n
漏出,n
漏水,n
漏電,n
牢乎,p
牢乎・牢固,p
牢固,p
狼,n
狼藉,n
老化現象,n
老眼,n
老朽,n
老朽化,n
老婆心,p
老廃,n
老舗,p
老齢基礎年金,p
老練,p
老獪,p
六波羅蜜,p
肋間神経痛,n
肋膜炎,n
録,p
論旨,p
論理,p
論理性,p
論理的,p
論理的思考,p
論理的思考力,p
倭寇,n
倭寇・和寇,n
和,p
和姦,n
和気,p
和魂漢才,p
和平,p
和寇,n
話し上手,p
話題,p
話題性,p
歪,n
歪み,n
歪曲,n
湾岸戦争,n
腕こき,p
腕こき・腕っこき,p
腕っこき,p
腕利き,p
腕力,p
乖離,n
偕老同穴,p
傲慢,n
傲慢さ,n
僥倖,p
冤罪,n
几帳面,p
呵責,n
呵呵大笑,p
咎,n
咆哮,n
咬傷,n
喀血,n
喘息,n
喘鳴,n
嗅覚,p
嗟嘆,p
嗤笑,n
嘔吐,n
嘲笑,n
嘲罵,n
嚥下障害,n
埓埒,n
毀損,n
毀誉褒貶,p
奸計,n
奸知,n
嬌笑,n
嬌声,n
屁,n
屁理屈,n
屏息,n
彙報,n
恍惚感,p
恣意,n
恣意性,n
愍然,n
慇懃,p
慇懃無礼,n
憫笑,n
憫然,n
懊悩,n
罹患,n
罹災,n
罹病,n
懶惰,n
捏造,n
掏り,n
攪乱,n
撥水性,p
擱坐,n
旱魃,n
曖昧,n
曖昧さ,n
曖昧性,n
杞憂,n
枷,n
檻,n
鬱,n
鬱屈,n
鬱血,n
鬱状態,n
鬱積,n
鬱病,n
鬱憤,n
殷賑,p
氣,p
洒落,p
淪落,n
烙印,n
烽火,n
狡知,n
猜疑,n
猩紅熱,n
瑕瑾,n
瑕疵,n
瑣事,n
瑣事・些事,n
疔,n
疝気,n
疝痛,n
疥癬,n
疼痛,n
疱疹,n
疱瘡,n
痒み,n
痒疹,n
痙攣,n
痰,n
痺れ,n
瘢痕,n
瘤,n
瘴気,n
瘴癘,n
瘰癧,n
癇,n
癇癖,n
癇癪,n
癇癪持ち,n
癪,n
癪持ち,n
癰,n
眩暈,n
瞑目,n
矜持,p
矮小化,n
磔刑,n
穢れ,n
糜爛,n
絆,p
綺羅,p
綺麗,p
緻密,p
緻密さ,p
罠,n
罨法,p
羞恥,n
翡翠,p
腱鞘炎,n
膀胱炎,n
膂力,p
膠原病,n
膵炎,n
膺懲,n
艱苦,n
艱難,n
艱難辛苦,n
蕁麻疹,n
薨去,n
褥瘡,n
訃,n
訃音,n
訃報,n
訌争,n
訛り,n
詭弁,n
諫止,n
謗法,n
謫居,n
譴責,n
豁然,p
貪欲,n
贅,p
贅肉,n
跼蹐,n
踵落とし,n
躁,n
躁病,n
躁鬱,n
躁鬱病,n
躊躇,n
軋轢,n
輻輳,n
辟易,n
辣腕,p
醵金,p
錚錚,n
閨怨,n
隘路,n
頌徳,p
頽唐,n
頽廃,n
顰蹙,n
騙り,n
驍名,p
髀肉の嘆,n
魑魅魍魎,n
